place_id,name,lat,lng,vicinity
ChIJyUr0V_q2Yw0RbrAUYdv0TqU,Bar De Tapas Salvador,38.26438839999999,-0.7075724999999999,"Carrer Poeta Miguel Hernandez, 69, Elx"
ChIJF6sC4vK3Yw0RWnVMEY7PtO0,Master kebab pizzeria,38.2625765,-0.7106135,"Carrer Antonio Pascual Quiles, 59, Elx"
ChIJt0_1Ofe2Yw0Rg12XqPpG4tE,SANCHEZ ROLDAN restaurante,38.2677086,-0.7043008,"Carrer Mariano Luiña, 16, Elx"
ChIJrayn8CG3Yw0RpLE1WTjxhLM,Melisa Taperia,38.2662374,-0.6773549999999998,"Carrer los Montesinos, 20, Elx"
ChIJ_U5-cP-3Yw0R5VVM1uA4Ba4,Bar El Paseo Restaurante,38.2722937,-0.7123832000000001,"Calle Obispo Barrachina, Calle Pedro Moreno Sastre, 34 esquina, Elche"
ChIJ_yKsB3q2Yw0RJ4pYagArZco,Gastro Bar El Cid,38.2831219,-0.6827154,"Partida de Altabix P1 226, Elche"
ChIJMTD8rIy2Yw0RvJnbSk7Mdq4,Newton Elche,38.26582199999999,-0.6960941999999999,"Plaça Glorieta, 2, Elx"
ChIJXbwtT223Yw0RaZmVRM7fkV4,Ouh! Papa,38.26106610000001,-0.7032328,"Carrer Federico García Lorca, 9, Elx"
ChIJDXxFDvG2Yw0RYN2PUykb9o8,Gustav Klimt,38.26736770000001,-0.7026747000000001,"Carrer del Marquès d'Asprella, 33, Elx"
ChIJyYkQH0e3Yw0RcWSgun6o2C0,Cocinamos para usted Altabix,38.27702939999999,-0.6774293,"Carrer Josep Joaquim Landerer, 7, Elx"
ChIJOQexqTm3Yw0Rlf50uDap2OU,Chicken Uncles | Elche,38.26530959999999,-0.6979353999999999,"Carrer Troneta, 11, Elx"
ChIJC6J1pda1Yw0RVO0S6kSuzmE,Bistro Artesanal cerrado,38.2783596,-0.6731984999999999,"Carrer Josefina Manresa, 109, Elx"
ChIJ9-dKfO-2Yw0Rt-tJ1t43yS0,Pizzeria Il Mondo Della Pizza,38.2586602,-0.7056361999999999,"Carrer Pere Joan Perpinyà, 35, Elx"
ChIJ-a6rU1O3Yw0R-0xtJDjmWWY,Aires Burger Bar | Elche,38.2653645,-0.6977045999999999,"Carrer Troneta, 13, Elx"
ChIJ3TO5xlW2Yw0R8bx79NxYgAw,Mucho mas Que Pizza,38.2740195,-0.7115830999999999,"Carrer Francisco Tomás y Valiente, 110, Elx"
ChIJbQ5pOfO2Yw0R-3ixCLkNRJ4,El Trastero Cervecería centro,38.2654795,-0.6969455,"Carrer Hospital, 11, Elx"
ChIJESkYk6-3Yw0RHvbmWcuDMzM,Restaurante Mistral II,38.2811683,-0.7235103999999999,"Carrer Monòver, 62, Elx"
ChIJu-df_ey2Yw0RutiqRHQbNJI,La fina del raval,38.2607044,-0.6975597,"Carrer Forn Fondo, 7, Elx"
ChIJBU99foC3Yw0RDeT2Bf7MljI,CUENCO ARROZ DE ORO,38.2726816,-0.7144455,"Carrer Pascual García Rocamora, 36, Elx"
ChIJIWb1XIy2Yw0ROIXCvlaQ1hs,Pizzería Piccola Torino,38.2654773,-0.693473,"Carrer Velarde, 24, Elx"
ChIJs7ic-0i3Yw0RFztlRZ0okoQ,Luna de Alberdi,38.2661319,-0.6975072999999999,"Replaceta de la Fregassa, 2, Local Centro, Elche"
ChIJ4_PAO9O1Yw0RZnmLHCATnpA,KFC,38.2734375,-0.6705915,"Carrer José Luis Navarro Campello, 6, Elx"
ChIJ28xxDea2Yw0Rk3YrVRX0Pi8,La Cantoneta De Josep,38.2558579,-0.7067353,"Carrer Antonio Moya Albaladejo, 42, Elx"
ChIJ1eWMpvS2Yw0RdgeO3riV4PQ,Museum Restaurante,38.2675011,-0.6970844999999999,"Plaza del Congreso Eucarístico, 17, Elx"
ChIJt6o4UYC2Yw0RlSQ6TIl3030,Golden City,38.2701416,-0.6793805,"Avinguda d'Alacant, 90, Elx"
ChIJfQBNg4C2Yw0RlSylY72hLec,Las Cucharas De Mamá,38.2721584,-0.6802606999999999,"Carrer Vicent Andrés Estellés, 24, Elche"
ChIJJ7-TDgC3Yw0RvY36jQ06RMo,Pitta hut,38.27207440000001,-0.7078253999999999,"Carrer de la Diagonal, 37, Elx"
ChIJCS4J00G3Yw0RisGxwwobejE,Cuenco De Oro,38.2505613,-0.7367799999999999,"Lugar Llano San José, 112, Llano de San José"
ChIJneyt3-i2Yw0RbRzWb-REoMc,Cafeteria La Nova Festa,38.2546433,-0.7034482999999999,"Carrer Federico García Lorca, 125, Elx"
ChIJD27J5wi3Yw0RoYsSZv1kFyg,Tabuu Restaurante,38.2656253,-0.6968268,"Plaça Glorieta, 8, Elx"
ChIJ89QiteW2Yw0RHnNeO7y4NUg,Cafetería Tapería Martín,38.2581124,-0.7080803999999999,"Carrer Concepción Arenal, 172, Elx"
ChIJFQf6t-i2Yw0Rq4AgwPL9_Mg,Bar Beatriz,38.2557236,-0.7046667999999999,"Carrer Conrado del Campo, 118, Elx"
ChIJ4WrYWYy2Yw0RSI_-5nAcvOA,La Latería Gastrobar,38.265101,-0.6936583999999999,"Carrer Alfonso X el Sabio, 17, Elx"
ChIJ65Kw8IS3Yw0R1mCZYD7cnKM,Racó de joan,38.2641468,-0.6989276999999999,"Plaça de les Barques, 6, Elx"
ChIJx2nCuWi3Yw0RoIUKyXYJimA,Restaurante Avenida 43,38.2677982,-0.7040645,"Carrer Vicente Blasco Ibáñez, 43, Elx"
ChIJ8bcq6wS3Yw0RK2aWIfQavWE,VIPS Smart,38.262393,-0.720603,"C.C. L'Aljub, Carrer Jacarilla, 7, Alacant"
ChIJqdtTMAC3Yw0RVWb3aCSvG7s,Supermercado Dialprix,38.2700503,-0.7160533999999998,"Carrer Emilio Hernández Selva, 101, Elx"
ChIJz5wQG3G3Yw0RDsTvXUtT5_Q,Valhöll® | Hamburguesería | Elche,38.2701567,-0.6774918,"Carrer Baltasar Brotons Garcia, 3, Elx"
ChIJ04gn8uS3Yw0RG6V9b2ji1-0,La terraza de la pescadería,38.26435499999999,-0.6952619999999999,"Carrer Porta de la Morera, 5, Elx"
ChIJeRUYdUm3Yw0RfQJSofxr1zM,KEBAB KING,38.26946329999999,-0.6832792,"Avinguda d'Alacant, 47, Elx"
ChIJzwUqxYC2Yw0R-U1Z_B7Ec68,Restaurante Lindaraja,38.2705505,-0.6813277000000001,"Calle Fray Pedro Balaguer, 59, Elche"
ChIJ0-FK0ym0Yw0RJO8MtFOgJ60,Pollos Iborra San Antón,38.264556,-0.6769282,"Carrer Alingasa, 2, Elx"
ChIJ4T29jqO3Yw0R9fAofY3kvAA,Cervecería La Sureña | Jarras y Tapas,38.2619782,-0.7209142,"Carrer Jacarilla, 7, Elx"
ChIJd2Rn6b-3Yw0RqxPdkDdqRzA,A Fuego Pizzería,38.267752,-0.7030156,"Carrer Vicente Blasco Ibáñez, 29, Elx"
ChIJ7bR1gSy0Yw0R9QQ2xYNJC1M,Mac Burguer,38.2701074,-0.6724038000000001,"Carrer Sabadell, 15, Elx"
ChIJQxAY4rS3Yw0RhqnHpj6SHoc,Ramen Kiwami,38.2689264,-0.6773431999999999,"Carrer Baltasar Brotons Garcia, 10, Elx"
ChIJKSdE7BS3Yw0R3-UHz-xBAsY,Homie's. Food Corner,38.2544237,-0.6966766999999999,"Calle Vicente Antón Selva, 18, Elche"
ChIJvXwxY_-3Yw0RJVWbLP3jw68,XTRM DOGOS,38.2567125,-0.7032278999999999,"Carrer Federico García Lorca, 93, Elx"
ChIJdWuNi4C2Yw0RkmjRpzS0I2s,Águila Bar Altabix | Restaurante en Elche | Alicante,38.2713051,-0.6799176999999998,"Carrer Vicent Andrés Estellés, 16, Elche"
ChIJBSAFTOS2Yw0RqkpDv9ScHGQ,El Candil Kebap,38.2581381,-0.7084337999999999,"Carrer del Capità Antoni Mena, 129, Elx"
ChIJ5wWY77i3Yw0RhUoqvI8bwAY,wei xuan Restaurante美味轩,38.2753947,-0.7164248999999999,"Carrer Pedro Moreno Sastre, 116, Elx"
ChIJWZGUUvC2Yw0Rwjlx3kaxepc,La Faeneta,38.26381699999999,-0.7034326,"Carrer Juan Orts Roman, 6, Elx"
ChIJ1-rhHfC2Yw0REWGK_Pn5SA4,Turkish Kebab Kebab Y Pizzeria,38.2618118,-0.7048934000000001,"Carrer Hilarión Eslava, 52, Elx"
ChIJv9ytcQC3Yw0RdkelY-HCxOY,Rolfo Tapas & Burger - Plaza Castilla (Elche),38.2763557,-0.6795375999999999,"Carrer Adolfo Marsillach, 6, Elx"
ChIJo3NN1fq2Yw0Rsr6YYNBGJqY,Pizzería Kebab Bella Vista,38.2617348,-0.7081117,"Plaça de Crevillent, 3, Elx"
ChIJT_-mS_e2Yw0RYa4dGszpong,Restaurant Mesón El Granaino,38.2672737,-0.7047749,"José Mª, Carrer Josep Maria Buck, 40, Elx"
ChIJj6ycaI23Yw0RhabR6Fw9qb0,Paquita's Bar | Bar en Elche,38.27130409999999,-0.6852963999999998,"Plaça d'Altabix, 3, Elx"
ChIJu7JlYnC2Yw0RiU8yv6_fQJk,Beamut y Ferrándiz,38.2838128,-0.6844701999999999,"Camino del Colegio, 1112, La Galia"
ChIJFWUF_eK2Yw0RgYcGrS63Yj4,Pizzeria Carlos Elx,38.2595879,-0.7130139999999998,"Carrer Pere Joan Perpinyà, 118, Elx"
ChIJIcci2ji3Yw0Rdp-SMhvX6rw,Foster's Hollywood,38.258681,-0.7308379999999999,"Avinguda de Crevillent, 35, Elx"
ChIJzYM8Y_e2Yw0RHvLjcAqJNGI,Restaurante Ecuatoriano Elche El Duende,38.26892999999999,-0.7055855999999999,"Carrer Luis Llorente, 21, Elx"
ChIJKS_1RAu1Yw0RUGxY7TbIqkM,JZ.FRIO INDUSTRIAL,38.2721135,-0.6709851999999998,"Avinguda d'Alacant, Elx"
ChIJP08OAve3Yw0RAw3juYEkNNw,Restaurante 77 sushi,38.2588467,-0.7074385999999999,"Carrer Pere Joan Perpinyà, 51, Elx"
ChIJS5Ku08m3Yw0RwuVGEE3lUnM,Alimentación de Africa de Elche,38.2722455,-0.7023855000000001,"Carrer Juan Caracena Miralles, Num. 7, Elx"
ChIJT-HPI1-3Yw0RmP3qOdeHdN8,SAÓ Restaurant Elx,38.26041480000001,-0.7013473,"Plaza Reyes Catolicos, 16, A, Elche"
ChIJURzgR9u2Yw0R2wxQa-k8DFM,Cajas Y Artículos Pizzería,38.245869,-0.7062663,"Partida Algorós, 54, B, Elche"
ChIJc89d1uS2Yw0RTyTrQ1_RbOE,Pollos Mathiu,38.2613052,-0.7082795000000001,"Carrer la Torre, 82, Elx"
ChIJt3ZbYHm3Yw0RKsn-fxOhBoA,La Paraense Gourmet,38.2624787,-0.7054496999999998,"Carrer Antonio Machado, 31, Elx"
ChIJX44N0fu2Yw0RXezRw_eWMfg,Confitería Lozano,38.26653469999999,-0.7084140999999999,"Carrer Benito Pérez Galdós, 66, Elx"
ChIJIQkTLgC3Yw0RKUZn5Yv4qbk,Restaurante taperia Burgos,38.27340299999999,-0.7024420999999998,"Carrer Ramón Vicente Serrano, Elx"
ChIJqWDKf4y2Yw0RQ-sKnSJa-o0,Restaurante Pizzeria Cambra Elche,38.2669354,-0.6941506000000001,"Carrer Barrera, 16, Elx"
ChIJze4jk0u3Yw0RpUN7coXGGA4,KEBAB AMIR,38.26548209999999,-0.7015868,"Carrer Blas Valero, 6, Elx"
ChIJD-TP8BG3Yw0RNaYbIyR1cwM,美林食,38.2803614,-0.7200228999999999,"邮政编码:, Carrer Benifallim, 20, Elx"
ChIJn6AEzo22Yw0RqWE2Z2eccdg,Restaurante El Extremeño,38.2641838,-0.6921004999999999,"Carrer Porta de la Morera, 41, Elx"
ChIJw2Rbb723Yw0RfXOOFH9kbIo,Restaurante El Rincón de Casi,38.2665988,-0.6960177999999999,"Carrer Pere Ibarra, 3, Elx"
ChIJJe-Cy4-2Yw0RQ-w_al4PVB0,Hotel Huerto del Cura,38.2637508,-0.6922252,"Carrer Porta de la Morera, 14, Elx"
ChIJ73DTV_q2Yw0RVzOZfg0PdqY,Giovanni Arabo y Pizza,38.2643873,-0.7077301999999999,"Carrer Poeta Miguel Hernandez, 69, Elx"
ChIJwTWSqOW2Yw0RhhIkPX54C4o,International Servicio A Domicilio,38.2588612,-0.7076127,"Carrer Pere Joan Perpinyà, 55, Elx"
ChIJ8dq677e3Yw0RWbXTUYqbc2E,Cafetería Farándula,38.2767362,-0.6796389999999999,"Carrer la Carátula, 16, Elx"
ChIJk7on6vy2Yw0R63HEOA9nlYo,Pérez De Tudela,38.2631471,-0.7120158,"Carrer Mariano Benlliure, 73, Elx"
ChIJbyflhH23Yw0RFjp6H-Q7lhA,Restaurant Away d'Elx,38.2708606,-0.7042035,"Carrer de la Diagonal, 4, Elx"
ChIJk7jEeva2Yw0R5BMdRLs94OA,Supermercado Dialprix,38.2702146,-0.7015739999999998,"Carrer de Teodor Llorente, 13, Elx"
ChIJZVnIIuK3Yw0Rv1-cwDxN8hQ,Cervecería LA TOSTA',38.27420449999999,-0.708237,"Avinguda Ausiàs March, 65, Elx"
ChIJLWu5Eoi2Yw0R1jcE-S4WxXo,Restaurante El Granero,38.2712436,-0.6875142,"Carrer Francisco Vicente Rodriguez, 15, Elx"
ChIJK793x_K3Yw0RoNEirc_1wVk,Restaurante La Dama Comida Ecuatoriana Y Colombiana,38.2718791,-0.6875666,"Carrer Francisco Vicente Rodriguez, 34, Elx"
ChIJMQ7ZDqa3Yw0R2EWpY2C_BVo,Cervecería Amaranta,38.2661192,-0.6981646,"Plaça de la Fruita, 6, Elx"
ChIJJ5QYQIy2Yw0RIe2oA_d1Wqc,Botticelli Restaurante,38.26574589999999,-0.6927964,"Carrer Escultor Capuz, 10, Elx"
ChIJ2W1nuPi3Yw0Rbm594NJcM-w,La Tramontana bar & kebab,38.2676446,-0.7160553,"Carrer Antonio Brotons Pastor, 148, Elx"
ChIJBSVRk_u2Yw0R46wLA20vyVk,Wonder food’s kebab pizzeria حلال,38.26565530000001,-0.7096568000000001,"Carrer Reina Victoria, 124, Elx"
ChIJy_Kte8O3Yw0RZm93WBO2xHI,Iberico kebab,38.2441748,-0.6852958,"Calle Cabezo Lucero, 8, Elche"
ChIJIQwamYe2Yw0RmaYQSsCmrgU,Cafetería Tapería Fama,38.2713227,-0.6848290000000001,"Carrer Doctor Gregorio Marañón, 25, Plaça d'Altabix, 10, Elche"
ChIJAUN4APu2Yw0RwBuLQlWVWRs,Restaurant La Sabata,38.25821150000001,-0.7078162,"Carrer Concepción Arenal, 157, Elx"
ChIJ8zsiUpm3Yw0RvaDKMpvqthE,THE WITCHERS,38.2749137,-0.7165288,"Carrer de la Vila Joiosa, 6, Elx"
ChIJJZSPXPe2Yw0RAcKNaZELI_o,Nou Chef,38.2680554,-0.705301,"Carrer Vicente Blasco Ibáñez, 76, Elx"
ChIJP_TgKwC3Yw0RDCHNxoGUD2s,Restaurante Pollería Willytos sabor peruano,38.2718079,-0.7030892999999999,"Calle Pascual Sempere Mogica, 22, Elche"
ChIJkWmrZbS1Yw0RuQe8KRgchDg,Ombü Gastrobar & Club,38.27053069999999,-0.6734076999999999,"Calle Villena, 5, local 5, Elche"
ChIJn0lLFY22Yw0RMW6Af5qE7Vw,Restaurante Yaho,38.2630932,-0.6949002999999999,"Carrer Eugenio d'Ors, 6, Elx"
ChIJB2hxTlS2Yw0R6K5fZrIoXvI,Cerveceria Angel Taperia,38.2752485,-0.7121936000000001,"Carrer Joaquin Garcia Mora, 39, Elx"
ChIJfVlTsCO3Yw0RsfLu6VT8UFM,Restaurante Xixili Elche,38.26377199999999,-0.6954897,"Carrer Porta de la Morera, 2, Elx"
ChIJARcsIoe3Yw0RkAd7uP_vFBU,Royal doner kebab,38.265358,-0.7029339999999998,"Carrer Reina Victoria, 28, Elx"
ChIJYdzzjyK3Yw0RKJZiw00bLko,Gloria Bendita Gastrobar,38.264339,-0.698853,"Carrer Mare de Déu del Carme, 11, Elx"
ChIJQ13Tl3e3Yw0RA7TBr_HX97Q,COMEDOR ESCUELA DE VERANO UMH,38.2778927,-0.684792,"Avinguda de la Universitat d'Elx, Elche"
ChIJ7wwrm4y2Yw0RQ0T_k5qBzas,Supermercado Dialprix,38.2666245,-0.6944765,"Avinguda en Joan Carles I, 9, Elx"
ChIJ2wrDgSy0Yw0RzRtbcxZH8r0,ZAZA DÖNER ESPAÑA S.L,38.2701342,-0.6723755999999999,"Carrer Sabadell, 15, Elx"
ChIJOVRX7vu2Yw0Rh2yOqssHhVw,Comedor Vegetariano,38.2637183,-0.7086498999999999,"Carrer Doctor Ferrán, 59, Elx"
ChIJ-VyVPlW2Yw0R2kMANPogINg,Mt83 Restaurante,38.273742,-0.714302,"Carrer Francisco Ruiz Bru, 15, Elx"
ChIJ8U57ieS2Yw0RoLRHZ-JoHbY,Mesón Alberto Cenas,38.2592842,-0.709658,"Carrer Capità Gaspar Ortiz, 139, Elx"
ChIJnXmqufa2Yw0RFr3XTCdznvg,Paolo's Pizza,38.26787729999999,-0.7020775999999999,"Carrer Vicente Blasco Ibáñez, 22, Elx"
ChIJx8Dp7_m2Yw0R44HRYbSWVjA,restaurante en elche Asador Ilicitano,38.2677934,-0.7064836,"Carrer Mestre Giner, 9, Elche"
ChIJz7poxIG2Yw0RCFTLoZuhnGM,"Telepizza Elche, Frasquita - Comida a Domicilio",38.2687059,-0.6780264999999999,"Carrer Frasquita Vazquez, 5, Elx"
ChIJ_0AnteW2Yw0RZxMJseWNQFw,La Dama Sector V Comidas para llevar,38.2578936,-0.7081116,"Carrer Concepción Arenal, 174, Elx"
ChIJ7zk1VfG2Yw0RSvMTp3yHbuM,Águila Bar Centro | Restaurante en Elche | Alicante,38.26706079999999,-0.7011407999999999,"Carrer Doctor Caro, 31, Elx"
ChIJW8J7t_q2Yw0RIUwRhIYabk0,Supermercado Dialprix,38.2624118,-0.7065918999999999,"Carrer Antonio Machado, 32, Elx"
ChIJ6eBK9Aa3Yw0RzroQVPBM4j4,Restaurante Uno Mas Uno,38.2690182,-0.7082752,"Avinguda de la Llibertat, N 86, Elx"
ChIJT1mYcYS3Yw0R0oA6T-KKT8Q,Umbrella Sociedad de Hamburguesas,38.268118,-0.7065295,"Carrer Vicente Blasco Ibáñez, 88, Elx"
ChIJUfNY5g63Yw0RdXhB7fEh7Ys,Restaurant El Garrofer de la Penya,38.2648993,-0.7279109999999999,"Camí Vell de Crevillent, La Penya de les Àguiles"
ChIJvRNdTYu2Yw0ReOjOvi8-2Yw,St. Patrick's,38.2677643,-0.6962165000000001,"Passeig Eres de Santa Llúcia, 12, Elx"
ChIJgaK6-n62Yw0RhHDwtfMi0cU,Abrasador El Racó de Mama Lola,38.27580639999999,-0.6800545,"Carrer Alfredo Mira Gran, 1, Elx"
ChIJ47OehlS3Yw0RrHZRazX2PLk,Munir kebab,38.2619782,-0.7209142,"Carrer Jacarilla, 7, Elx"
ChIJ65hTUf62Yw0RITgvw3c8lZ8,Bar Calasparra,38.2693199,-0.7127894000000001,"Carrer José García Ferrández, 28, Elx"
ChIJzYz9Xa63Yw0RnYqZcuSmqp8,Calzados Rodriguez,38.2804738,-0.7211738,"Carrer Benifallim, Carrus"
ChIJs9nRO9W3Yw0R7cyNUfSs954,Restaurante KFC,38.2661946,-0.6957422000000001,"Carrer Corredora, 40, Elx"
ChIJvzJAcO-2Yw0RyliEA-eZJF4,Costreria EL PEROLET,38.2585664,-0.7051712,"Pedro Juan Perpiñan, 23, Elx"
ChIJzZPepAu3Yw0RDT294Mkt_E0,Restaurante Tiro de Pichon Kisuki,38.246741,-0.7034904,"Partida Algorós, pol 2 n, 30, Elche"
ChIJ0wAkoOS2Yw0RC_NU60rBuNA,Restaurante Williams,38.260414,-0.7104175,"Carrer Fernanda Santamaría, Elx"
ChIJZ-xIseS2Yw0RruKEUe4143s,Bar La Taberna de Atila,38.2612026,-0.7097175999999998,"Carrer Capità Gaspar Ortiz, 108, Elx"
ChIJC4EaeOW2Yw0RsIaCE-eS334,King Pak Halal Döner Kebab,38.2591486,-0.7063040999999999,"Carrer Espronceda, 99, Elx"
ChIJ84TfYIy2Yw0RpmRRQgk_XZU,Bar Tabarca,38.2659002,-0.6937266,"Carrer Escultor Capuz, 2, Elx"
ChIJF27lQfO2Yw0RB_0F-LT_RKA,El Galgo,38.26600260000001,-0.6974368,"Carrer Sant Jaume, 6, Elx"
ChIJvwc08Hm3Yw0R61i6r1G_Y40,Kebab & Pizza,38.2704426,-0.6795669999999998,"Near, Carrer Vicent Andrés Estellés, 6, Elche"
ChIJiU-ROfO2Yw0RJY55U5jovQ0,El Trastero,38.2685856,-0.6783234,"Carrer Frasquita Vazquez, Elx"
ChIJzzPJBGS3Yw0RtkYoHRu-b3Q,Marcodany,38.2689805,-0.6787073000000001,"Calle Pilar de la Horadada, 1, Elche"
ChIJ3z8GPRu3Yw0Rm-yqjgHNJdo,Me Too Sushi Buffet,38.2603393,-0.7220833999999999,"Avinguda de Crevillent, 13, Elx"
ChIJETDC3VS2Yw0REsyU8qAc_1Y,"Telepizza Elche, Novelda - Comida a Domicilio",38.2695099,-0.70789,"Avinguda de Novelda, 3, Elx"
ChIJq6qqavq2Yw0RXc0d_oUe7Yw,La xicoteta Masía,38.2655868,-0.7070548999999999,"Mestre Serrano, 8, Elx"
ChIJlxyuUP-2Yw0RAlPeL_Ad_Mw,ASADOR DE POLLOS EDELWEISS,38.2719023,-0.7110839999999999,"Asador de pollos y comidas para llevar, Carrer Antonio Brotons Pastor, 5, Elx"
ChIJ_____4-3Yw0Rv3cQ-9JcXVQ,Mesón El Gorrión,38.26799520000001,-0.6699446000000001,"Calle Alcalde Juan Hernández Rizo, 52, Elche"
ChIJtQrpzfq2Yw0R-jITkrojy1c,S Landuche,38.26043689999999,-0.7062389999999998,"Carrer Doctor Sapena, 65, Elx"
ChIJmdjRZti3Yw0Rt-cQDSyOszQ,Greco Gastro-bar,38.2700182,-0.6782312,"Carrer Orihuela, 3, local 1, Elx"
ChIJu80lC_m2Yw0RsDSIOOlGWPo,Domino's Pizza,38.26842099999999,-0.7082260000000001,"Avinguda de la Llibertat, 86, Elx"
ChIJJx_gYeW2Yw0RxxQ3Wq7FsXQ,Els Sopars d'Elx,38.2601699,-0.7057799,"Maximiliano, Carrer de Maximilia Thous, n°.50, B, Elche"
ChIJV8OrJ_C2Yw0RHh_o0nMfV88,Socarrat rostisseria Menjar Per Emportar,38.261989,-0.7042419999999999,"Carrer Doctor Sapena, 14, Elx"
ChIJ7bHVF422Yw0RVd6UcosIaqU,Altamar Restaurante,38.26363099999999,-0.6950856,"Carrer Eugenio d'Ors, 4, Elx"
ChIJs0HCTn-2Yw0RkEpnBwcRIPU,POLLOS ASADOS _La Casona_(ALTABIX)_Plaza Castilla,38.2770409,-0.6780876,"Carrer d'Il·licità Absent, n° 10, bajo, Elx"
ChIJGVVG7_u3Yw0RJ-fRAVKOCyY,Circo Altabix - Plaza Castilla,38.2771939,-0.6788029999999999,"Carrer Jaime Gómez Orts, 14, Elx"
ChIJi6jMOv62Yw0RfPgAs6V5MRk,Pizzeria AMICI,38.2687031,-0.7146157,"Carrer Juan Díez Martínez, 57, Elx"
ChIJ10XDmOq3Yw0Ro9cHnPh3L0o,Cattleya Delicias Colombianas,38.2699452,-0.7068140999999999,"Passeig Nit de l'Albà, 12, Elx"
ChIJPQfs8ve2Yw0RW1Enjj0cPaw,Taperia Emilio,38.2710218,-0.7051953,"Carrer Hermanos Gonzálvez Selva, 43, Elx"
ChIJE25yNuS2Yw0RWCKN4jvswEM,Cervecería Gallagher,38.25765629999999,-0.7087257999999999,"Carrer del Capità Antoni Mena, 144, Elx"
ChIJt7tiFFiwYw0RR5KwsDOKMyE,Restaurante El Misteri d'Anna,38.26638159999999,-0.738637,"Partida Peña Águilas, 347, Elx"
ChIJ19qq5ki3Yw0RHEebKnBfvqs,El Perro Verde,38.2615698,-0.6992112999999999,"Plaça de Sant Joan, 9, Elche"
ChIJKz43EPu2Yw0Re9gdbbeKUww,Relío de Crespo (Crespo's),38.2636262,-0.7088890999999999,"Carrer del Capità Baltasar Tristany, 76, Elx"
ChIJt24Ss-m2Yw0RWgbibhCIgi0,Restaurante Chino Acuario Elche - Comida Para Llevar - Servicio A Domicilio - Comida China,38.25291409999999,-0.7033137999999998,"Carrer Asdrubal, 4, Elx"
ChIJ7U5Z9lm3Yw0RFYDMeTTXzKg,Mariu Pizza (ELCHE) PRÓXIMAMENTE,38.2706524,-0.6807611,"Carrer Guadalest, 1, Elx"
ChIJnWhz39K3Yw0RK5nJSzGNnlU,Cafetería -Tapería Adrián,38.2698288,-0.7119418999999999,"Carrer José Díez Mora, 28, Elx"
ChIJOUhOtfm2Yw0RjEKNOq7FQd4,Bar restaurante Jijonenca,38.2696144,-0.7070078000000001,"Passeig Nit de l'Albà, 6, Elx"
ChIJxfJejCy0Yw0RctRfsqLdU5Y,Burger King,38.27015339999999,-0.6720932,"Poligono Industrial d'Altabix, Calle Alcoy, 12, Elche"
ChIJjXnieYy2Yw0RfH2QaPgRFL4,Bierwinkel Elche,38.266569,-0.6934849,"Avinguda en Joan Carles I, 24, Elx"
ChIJzwuXE6m3Yw0RuPVB4hvHVtU,Hotel YIT Ciudad de Elche,38.27587799999999,-0.7209720000000001,"Carrer Petrer, 37, Elx"
ChIJCQHdbwC3Yw0RXgaLuHCxZCw,NEW YORK DONER KEBAB 2,38.2680892,-0.7153305,"Carrer León Sánchez Sáez, 64, Elx"
ChIJIaQOjUm3Yw0RCqUyFhdT7zI,Domino's Pizza,38.26675000000001,-0.6939500000000001,"Avinguda en Joan Carles I, 19, Elx"
ChIJfWBqR4y2Yw0RnT_SzWxQWao,Restaurante La Cueva,38.2653555,-0.6927901,"Carrer Velarde, 38, Elx"
ChIJAy0NMuW3Yw0R7xaO-jMW6oU,Fratelli Pazzi | Restaurante italiano en Elche,38.2642338,-0.698766,"Travessia de les Barques, 5, Elx"
ChIJEyOoB_S2Yw0R_2aPw_cP3tQ,"La Barra del Mercat (Restaurante, Bar y Cafetería).",38.2670331,-0.7002680999999998,"sin número, frente, Avinguda de la Comunitat Valenciana, 19, Elx"
ChIJTcNdyuqxYw0RPPE_x2-6YMM,Ca Tona Eventos | Bodas y Celebraciones,38.2440645,-0.721756,"Partida de Algoros, número P-1- 261, Elx"
ChIJSdAB-ve2Yw0RL7En6z5DcAs,Palacio del Pollo Asado,38.271642,-0.7054802999999998,"Carrer Manuel Vicente Pastor, 29, Elx"
ChIJB6WUP-u2Yw0RB5bUJ3oncXc,Bar Fini,38.2553613,-0.6972877,"Avinguda de Dolores, 27, Elx"
ChIJKcAPk7O3Yw0RTdubgoR2rrc,Bocolo Restaurante,38.2644299,-0.7086366,"Carrer Poeta Miguel Hernandez, 83, Elx"
ChIJfRKDBPy3Yw0RDVLOncvgdGA,YAHYA EURO DONER KEBAB,38.2625765,-0.7106135,"Carrer Antonio Pascual Quiles, 59, Elx"
ChIJ46lBv063Yw0RcBFO1DYhpL4,Shogun Burger,38.26699889999999,-0.6935827000000001,"Carrer Doctor Jiménez Díaz, 4, Elx"
ChIJWan9o963Yw0Rd9aABd7IZBA,La Papaya Rapid Food,38.26882169999999,-0.7034112,"Carrer Oscar Esplá, 46, Elx"
ChIJB_zDleG3Yw0R8eO7JXyUa7g,Carpe diem,38.2634607,-0.7098742000000001,"Carrer Capità Alfons Vives, 61, Elx"
ChIJp8sTRfK3Yw0RRSqbIFQcjgs,PLATAFORMA DE HOSTELERIA ILICITANA,38.2601021,-0.6985901999999999,"Carrer Major del Raval, 9, Elx"
ChIJ5RTyQvO2Yw0RZYtc8W_cAO0,Monumental,38.2662926,-0.6973699000000001,"Replaceta de la Fregassa, 4, Elx"
ChIJRbbjioa2Yw0RWb_GBbu3pgk,Bar Valverde Elche,38.2684717,-0.684205,"Calle Guillermo Santacilla, 13, Elx"
ChIJ35B56m23Yw0Rz5CE9e-rssc,Taperia el Sol,38.2600328,-0.7056706999999999,"Carrer Fernanda Santamaría, 31, Elx"
ChIJs5qRFEO3Yw0RKrjocKrdRPk,CATUAÍ - Cafe & Bar,38.2635338,-0.7037583000000001,"Pasaje Doctor Ferrán, 25, Elche"
ChIJ4Wkxtoy2Yw0Rg72UlGE4NvU,Bar Casa Villalobos,38.2657252,-0.6957721,"Carrer Empedrat, 13, Elx"
ChIJTQGCMkS3Yw0Rn4twccr2XEw,UFF.,38.268118,-0.7065295,"Carrer Vicente Blasco Ibáñez, 88, Elx"
ChIJ2TVxTPe2Yw0RMfMpEyKvsJ0,Café La Molenda,38.26721740000001,-0.704912,"Carrer Lope de Vega, 42, Elx"
ChIJkwYcbVpKYg0Rj7Ua5kMaMwQ,Restaurante WokSushi Elx,38.2714351,-0.6713431999999999,"Calle Barchell, Elche"
ChIJvd8g4Fm2Yw0RkI7iz5YdL-U,Cafetería Polaris,38.2762632,-0.7056904999999999,"Camino de los Magros, 84, Elche"
ChIJezTS6FS2Yw0Rx2KD4-T9EV0,Doner Kebab Aksa,38.2756565,-0.7138105,"Carrer Jose Javaloyes Orts, 63, Elx"
ChIJc4jQXA63Yw0RlUqNOxFWTHQ,Luna Brunch,38.2690687,-0.6839661000000001,"Avinguda d'Alacant, 62, Elx"
ChIJsb-petK1Yw0RcV1OV4LLGEs,41 Gastro,38.27581069999999,-0.6687923999999998,"Carrer José Antonio Cañete Juárez, 41, Elx"
ChIJoUbYTeO2Yw0RnVVjaF1CEBg,Taperia La Torre,38.26138040000001,-0.7112132000000001,"Carrer la Torre, 103, Elx"
ChIJcYDpHcW3Yw0RfIS5mh4lB2M,RINCON COSTEÑO.ES,38.26835119999999,-0.7069697999999999,"Carrer Concepción Arenal, 7, Elx"
ChIJfwP1ULG3Yw0R_eHpkqt4XUw,Al Taufik,38.27471979999999,-0.7074111999999999,"Carrer Ginés García Esquitino, Elx"
ChIJx6cUB6m3Yw0RdzSMt2sV9bI,Pizza Italia,38.2646228,-0.7025709,"Carrer Gabriel Miró, 11, Elx"
ChIJQ_iQGyK3Yw0ROCZCc6A9KME,VALU Arte Comestible,38.2655647,-0.7021084,"Carrer Lepanto, 15, Elx"
ChIJUYBR7KS3Yw0RP1As05N7suw,ROOTS PLAZA,38.25338429999999,-0.7051974,"Avinguda dels Llauradors, 7-4, Elx"
ChIJlYwMbPO2Yw0RVaXuKXz3sHo,"La Taperia Braseria - Plaça de les Flors, 17",38.2659989,-0.6977914,"Plaça de les Flors, 17, Elx"
ChIJDZrTTfG3Yw0R0EqAQZq6kIA,innovaplay oe,38.25998129999999,-0.720673,"Avinguda de Crevillent, 15, Elx"
ChIJXRaxaO62Yw0RC7D36DYRUz4,Restaurante Desayunos y Almuerzos,38.25984149999999,-0.7019464999999999,Spain
ChIJAUPQZpO2Yw0R-abS8lyHfNc,CAFETERIA - LA TORRETA,38.2569083,-0.6944041999999999,"Carrer Eduardo Ferrández Garcia, s/n, Elx"
ChIJVTOsZoy2Yw0R-GzsyHHDma4,Cervecería Hops Hell Craft Beer,38.2661078,-0.6935670999999999,"Carrer Daoíz, 3, Elx"
ChIJBcfH5Mm3Yw0RhXTIdtagkPU,Popeyes Famous Louisiana Chicken,38.2619782,-0.7209142,"Carrer Jacarilla, 7, Elx"
ChIJSyLOO223Yw0Ri6mf7QTxAZI,El Gordito Café,38.2661855,-0.7030529999999999,"Carrer Ruperto Chapí, 16, Elx"
ChIJvZtJTau3Yw0RqKbD9smKf_0,El Puerto,38.2767796,-0.7152784000000001,"Avinguda del Mestre Melchor Botella, 23, Elx"
ChIJybrIrIq3Yw0Rp4pj5V7g9cA,FENG JI NOODLES 冯记面馆 Ramen&Cafe,38.2762508,-0.715974,"Avinguda de les corts valencianes 1, Plaza Jardín de Aspe, 5, Elche"
ChIJuWL1ZJe3Yw0Rd0bKjPG5FV0,El Rey De La Quisquilla,38.26930799999999,-0.7107068999999999,Elx
ChIJa9WbggS3Yw0RxDUaAtRqJ7A,Foster's Hollywood,38.26262999999999,-0.720983,"C.C. L'Aljub, Calle Jacarilla, s/n, Elche"
ChIJq0Bll663Yw0RskmsCeF9Aio,Distribuidor King Pak,38.27981499999999,-0.7215438,"Carrer Benasau, 23, Elx"
ChIJd5R1IS-3Yw0RuOBQ7SMH_tI,Zerosei Pizza Romana,38.26424770000001,-0.6987607,"Travessia de les Barques, 5, Elx"
ChIJGeFY1Ju3Yw0Rx6_XCxzyfD0,Daya Vieja Take Away,38.26583959999999,-0.7012431999999998,"Carrer Doctor Caro, 9, Bajo, Elx"
ChIJWwhpMWK3Yw0RxgMgTjRKLAc,Tremenda Hamburguesería Elche,38.2658006,-0.6980600000000001,"Plaça de la Fruita, 7, Elx"
ChIJuSlh9qy3Yw0RpAgim9z-5LM,Birras bar,38.2688977,-0.708178,"Avinguda de la Llibertat, 86, Elx"
ChIJo7BsbOG2Yw0RqU1e7Seq8z8,Buffet El Mixto,38.2554718,-0.7122191,"Carrer Presidente Adolfo Suárez, 13, Elx"
ChIJz5efOhe3Yw0RGiOhwc8KQCA,Kebab turco,38.2699349,-0.7125638999999999,Elx
ChIJM5znVay3Yw0RqreAPUS5PNo,A&C Bikers & Salsa bar,38.2798563,-0.7177049,"Carrer Almansa, 48, Elx"
ChIJQ5LK2n-2Yw0R09l1312xJMM,El Pastisset OBRADOR Horno de Pastelería y Panadería,38.25576579999999,-0.7044738999999999,"Carrer Conrado del Campo, 131, Elx"
ChIJZYePa-i2Yw0R2PnUG5PEbJY,"Bar restaurante El Parque ""Sector V""",38.2533149,-0.7047338999999998,"Avinguda dels Llauradors, 5, Elx"
ChIJbfS15u62Yw0R0_hjLl9CdJw,Restaurant Sansano'S,38.2579987,-0.7034474,"Carrer Fra Jaume Torre, 7, Elx"
ChIJVTIQo1a2Yw0Rp_Mt5EPdynY,King Pak Doner Kebab,38.2765185,-0.7098213999999998,"Avinguda de Novelda, 85, Elx"
ChIJVcBJQH-2Yw0REQV04bClGvM,Tapería Plaza Castilla,38.2766132,-0.6781739999999999,"Plaça Castella, 7, Elx"
ChIJGdmuUf22Yw0RrR5GCaiFlgY,Cuipon,38.26216389999999,-0.7145553,"Avinguda de la Llibertat, 139, Elx"
ChIJISdcWIO3Yw0R8JRuSKP8x48,Totem Elche,38.2682049,-0.6963877,"Carrer Portell de Granyana, 4, Elx"
ChIJ6QBFOjK3Yw0Rm68486OXXTU,Tapeando,38.2702645,-0.7087969999999999,"Avinguda de Novelda, 15, Elx"
ChIJHy_GUxC3Yw0RaSGSiBRbRzg,Lamum Catering Centro,38.265239,-0.6951104,"Carrer Infante D. Manuel, Elx"
ChIJ-c4oiPi3Yw0R4MwxVh5gP4A,FOOD CORNER ELCHE,38.2691114,-0.7154062,"Carrer José Grau Niñoles, 20, Elx"
ChIJgVHtnoe2Yw0RsVUcP_YR2T4,"Pak, Döner Kebab",38.2713699,-0.6846093999999998,"Carrer Doctor Gregorio Marañón, 25, bajo, Elx"
ChIJyerjwfa2Yw0R7IKm-OTsTpQ,Supermercados Dia,38.2684179,-0.7023484999999999,"Carrer del Marquès d'Asprella, 30, Elx"
ChIJi5PCno63Yw0Rx6nisCr-rR8,Himawari Ramen,38.2635125,-0.6950274,"Palacio De Congresos, Zona, Carrer Eugenio d'Ors, 4, Elche"
ChIJ_dG2WgC3Yw0Rm2d4ZF0z-08,La papaya rapid food,38.2676478,-0.6926701,"Carrer Martín de Torres, 12, Elche"
ChIJfZWVd4a3Yw0RUHp7yTs7YWI,Popeyes Famous Louisiana Chicken,38.25818019999999,-0.7282082999999998,"Avinguda de Crevillent, 31, Elx"
ChIJFRYCWYu2Yw0RtF4R5h1paiE,Supermercado Dialprix,38.2673745,-0.6954988999999999,"Carrer Capità Lagier, 15, Elx"
ChIJTVATXKW3Yw0ROIVzUWIFUM8,Bar El Racó de Dane,38.2687334,-0.6942978999999999,"Carrer Luis Gonzaga Llorente, 5, Elx"
ChIJeejrG0e3Yw0RGKzsgf2xCPc,padthaiwok CC L' Aljub - Elche,38.2619782,-0.7209142,"CENTRO COMERCIAL L'ALJUB, Calle Jacarilla, 7, LOCAL LA21, Elche"
ChIJkzshZYu2Yw0RShN9wbaNO2s,Restaurante + Que Tapas,38.2675795,-0.6946053000000001,"Passatge Alejandro Ramos Folqués, 3, Elche"
ChIJG8cnveK2Yw0RkTCR36TuiO4,Restaurante Cuenco de Oro,38.2606448,-0.7147569,"Carrer Fernanda Santamaría, 128, Elx"
ChIJPXkgXOO2Yw0R3T_wXEoJYkE,Supermercado Dialprix,38.2605979,-0.7108479,"Carrer Antonio Pascual Quiles, 87, Elx"
ChIJx5YtokK3Yw0R5BGPtgq8rYo,La Guafle,38.2703453,-0.715398,"Carrer Monserrate Guilabert Valero, 83, Elx"
ChIJD2bWTVS2Yw0RQe0sU5kj2ns,Almuerzos Angel Comidas Cenas,38.2752171,-0.7121830999999998,Spain
ChIJS_azwvi3Yw0RTLp669yZXSk,Hamburguesería la Esquineta,38.2730175,-0.71327,"Carrer Pedro Moreno Sastre, 76, Elx"
ChIJPbVRdgW3Yw0RyHYe1KIRY_s,Restaurante Cantó,38.2571272,-0.6939401,"Carrer Eduardo Ferrández Garcia, 47, Elx"
ChIJDxMBihG1Yw0RRF_Zv4ojuIM,La Taberna,38.2646084,-0.6952567,"Calle Infante Don Manuel, 12, Elx"
ChIJD9-Gso22Yw0R_K_bdY9fh0U,El Galliner,38.26436579999999,-0.6932759,"Carrer Porta de la Morera, 27, Elx"
ChIJbb2-TqO3Yw0R1Z5ydVX5Klo,Pura Vida GBR,38.2705425,-0.7047219,"Carrer Manuel Vicente Pastor, 8, Elx"
ChIJgYpEfmrbxGURDrXQhEVQ2Gk,"""Momentos de amor"" detalles que enamoran( tienda online de regalos y decoración)",38.2678028,-0.670561,"Carrer Alcalde Juan Hernández, 43, Elx"
ChIJUxqlfKy3Yw0RT_Bjol3BISw,Kebab sirine,38.2643986,-0.7098869999999999,"Carrer Capità Alfons Vives, Elx"
ChIJw_VFkoe2Yw0RoOAvHirLuZ4,Restaurante Pak Pizzería Kebab,38.2717004,-0.6853412999999998,"Carrer Fèlix Laorden García, 1, Elx"
ChIJn7MB0Vm2Yw0RXCCaZajjoC8,Restaurante King Kebab,38.2753404,-0.7051753,"Carrer Ginés García Esquitino, 33, Elx"
ChIJnfVGXvO2Yw0Rpi9Mm5htqKE,Restaurante La Retama,38.2668203,-0.6974172,"Carrer Sant Pere, 9, Elx"
ChIJq8plhlC3Yw0RIqZdxV0NZ6E,Restaurante El Rincón De La Alcudia,38.24423179999999,-0.6852680999999998,"Calle Cabezo Lucero, 6, Elche"
ChIJeWor9ci3Yw0R5vBhPOZVl44,Zahara poke,38.25526869999999,-0.7036799999999998,"Carrer Federico García Lorca, 126, Elx"
ChIJPa8SY_62Yw0Rur5rjukw3_8,Asador de Pollos Parate Aki,38.2676817,-0.7131406,"Carrer Juan Díez Martínez, 31, Elx"
ChIJ27d6clO3Yw0RmEOZFI-UpJI,Sono Più Ristorante Focacceria,38.2588906,-0.7041564,"Carrer Conrado del Campo, 69, Elx"
ChIJH_xv1ru2Yw0RJ-nDQgloa-s,Restaurant El Borrocat,38.2435783,-0.6914041,Elx
ChIJRbjUCbi3Yw0RADVG3wO6WBU,Goiko,38.2625643,-0.7214441999999998,"Centro Comercial L'Aljub, Carrer Jacarilla, 7, Elx"
ChIJp02cOAC3Yw0Rldc1IP3xSIU,restaurante bar jin,38.274741,-0.713272,"Avinguda de Novelda, 90, Elx"
ChIJ57hzCvm2Yw0RHaMec5Lv234,Restaurante Ni Hao,38.2687715,-0.7087372,"Avinguda de la Llibertat, 86, Elx"
ChIJv6sEb_O2Yw0R28tA_8PhK-c,TGB - The Good Burger,38.2662584,-0.6978806000000001,"Plaça de les Flors, 12, Elx"
ChIJBdKdF1O3Yw0RZjiotbVClXg,"Jutashi, sushi & café",38.26608840000001,-0.6982722,"Plaça de la Fruita, 6, Elx"
ChIJCXXsP_C2Yw0RfUW0YnM3Ta0,Pizzaelx,38.26300469999999,-0.7045313000000001,"Carrer Mariano Benlliure, 14, Elx"
ChIJifM4Sf-2Yw0Rry_2OwtEqYw,Restaurant Xinès Gran Suerte,38.271253,-0.710835,"Carrer Asunción Parreño García, 8, Elx"
ChIJGR2YgFi2Yw0Rj_8zL7kqySY,La Callosina,38.27254569999999,-0.7033687,"Carrer Mario Pastor Sempere, 15, Elx"
ChIJtW8EDS63Yw0RBU_RXUdrB34,Catering Coquere,38.2656663,-0.6936472,"Carrer Velarde, 25, Elx"
ChIJPYajTP62Yw0R5P0NMDHIMNo,Doner Kebab Hamma حلال,38.2695349,-0.7136026,"kebab parque valencia, Carrer Monserrate Guilabert Valero, 64, Elx"
ChIJVQ7P7oG2Yw0RZ22zHnpH2bo,Heladería La Jijonenca,38.2679879,-0.6780925,"Carrer Benetússer, 3, Elx"
ChIJ_ag4coe2Yw0RSDoOd_WHVSU,Restaurante Pizzería L Antica Pompei,38.2713274,-0.6837974,"Carrer Bisbe Winibal, 22, Elx"
ChIJww91JUi3Yw0RxlqL08LkCHw,Casa Simon Comidas Para Llevar,38.26856859999999,-0.6880210999999998,"Carrer Benicassim, 2, local 2, Elche"
ChIJGSfQk723Yw0RYZNd_znVVM4,77 buffet libre,38.2617824,-0.7115897999999999,"Carrer Antonio Machado, 72, Elx"
ChIJM94L9CS0Yw0R9e9TSniWLGI,Fusion Cuisine,38.2582612,-0.6699064000000001,Spain
ChIJjW0OWlBMYg0R1Vi3DimvnPM,Parrillada Milaneseria Mi Paysito 🇺🇾,38.2666237,-0.6959000999999999,"Carrer Pere Ibarra, 6, Elx"
ChIJ-QvTsfa2Yw0RtHVSoOMNFWc,El Mariscal,38.2674955,-0.7017062,"Carrer Blas Valero, 39, Elx"
ChIJ7QflF9a3Yw0R958ON6wQ1hs,restaurante Ismael,38.25800829999999,-0.7034573,"Carrer Fra Jaume Torre, 7, Elx"
ChIJz-l6x4y2Yw0RNqoTH9KnWGY,Eki Sushi,38.2657267,-0.6955460999999998,"Plaça de la Constitució, 15, Elx"
ChIJhTpZguW2Yw0Ro7YrXevydtw,Pizzarica Elx,38.2589679,-0.7061826999999998,"Carrer Pere Joan Perpinyà, 66, Elx"
ChIJ0cv1Gn-2Yw0RVempDiTMvdc,Asador RICOPOLLO (plaza castilla) nuevo altabix,38.2758983,-0.6793958,"Carrer Alfredo Mira Gran, 7, Elx"
ChIJyegzBfu2Yw0RUgIpJyiVET8,Kebap Snack Al-Andalus,38.2637183,-0.7086498999999999,"Carrer Doctor Ferrán, 59, Elx"
ChIJx10MPMC3Yw0RFtYXuGJbWiU,Restaurante Paco Gil,38.2729607,-0.6792368999999999,"Carrer Sucre, 10, Elx"
ChIJM1nZo5C3Yw0ROGZ-nE59-3E,Empanadas Malvón,38.26543919999999,-0.6973923999999999,"Carrer Hospital, 7, Elx"
ChIJwbyub3a3Yw0R9ju8vgTl7EI,Tanni Sushi Elche,38.2689368,-0.6777749,"Carrer Orihuela, 9, Elx"
ChIJj9L4TGa3Yw0RqRZZkPbipEE,Ali Baba Döner Kebab,38.2670131,-0.7135299,"Carrer León Sánchez Sáez, 22, Elx"
ChIJTdugnOi1Yw0R7hayZNqKP2s,The Cool Cat Bar & Cafe,38.27056529999999,-0.6708147999999998,"Carrer Mallorca, 41, Elx"
ChIJ74-o-FW2Yw0RaEXjOG-1QFI,Bar restaurante Mallorca,38.272267,-0.7108725,"Avinguda de Novelda, 51, Elx"
ChIJi1E9thy3Yw0RP5tSYJlq57c,Restaurante Spazio,38.2612468,-0.7188747,"Avinguda de Crevillent, 10, Elx"
ChIJj_pKSPO2Yw0RRdXNalWZGLY,Restaurante Don Patata,38.2658396,-0.6967377000000001,"Plaça Glorieta, 10, Elx"
ChIJZ9VW6QS3Yw0R-IgZ7AFGzdc,Lizarran,38.2632843,-0.7214391,"C/ Jacarilla, Centro comercial L'Aljub, 7, Local A-12, Elche"
ChIJPyFhHj23Yw0RHzBnhCa6SLo,EL ASADOR PLATENSE,38.266088,-0.6950931,"Carrer Velarde, 3, Elx"
ChIJedMNOii3Yw0RsM3ax9v3ZYU,Kairoos Comida para llevar,38.28325149999999,-0.6835687999999999,"Partida Altabix, 1203, La Galia"
ChIJPRRwE4u2Yw0RRONSBcPECY0,Il Mondo Della Pizza,38.268524,-0.6947645,"Carrer Luis Gonzalez Llorente, 1, Elx"
ChIJRcUKymm3Yw0RQ4GJhtYi14c,Magdalenas y Algo Más Tartas en Elche,38.2724164,-0.6802883000000001,"Carrer Vicent Andrés Estellés, 28, Elche"
ChIJLSHETge3Yw0R3vQjEV4BEMw,Infraganti Pizza Bar | Pizzería Elche,38.2660209,-0.6952750000000001,"Plaça de la Constitució, 1, Elx"
ChIJfUv-eBO3Yw0RHwtNLRoTACU,Taj Mahal,38.26952159999999,-0.6830288999999999,"Avenida de Alicante, 51, E 01, Elche"
ChIJa9iitZkN86URA9kBXdGUNno,SURPRISE BREAKFAST | Desayunos Sorpresa,38.2608896,-0.7101027,"Carrer Capità Alfons Vives, 95, Elx"
ChIJpW0XY_K2Yw0R8EfzEwO4aOg,Venta del Camino de Santiago,38.2627222,-0.6988824,"Carrer Juan Ramón Jiménez, 15, Elx"
ChIJBbUgv1K3Yw0RVyfb4UWhXZQ,Bar Nou picadero,38.2750897,-0.7032976,"Carrer Esperidion Porta Requesens, 2, Elx"
ChIJX6K161i3Yw0RS3AIG_rbF9Q,Flashpoint Súper Hot Dogs,38.2649501,-0.6984059999999999,"Carrer Troneta, 4, Elx"
ChIJr2ylJVa2Yw0RZAsg7h4X0sw,Pollos Asados Al'ast,38.2727283,-0.7088529,"Carrer Germans Navarro Caracena, 47, Elx"
ChIJuShaRvC2Yw0RjIikbTs4Ktk,Supermercado Dialprix,38.2632792,-0.7041529,"Carrer Andreu Castillejos, 42, Elx"
ChIJG0Ei4e23Yw0RIMfRObL654E,Punto Criollo Elche,38.2609737,-0.712164,"Carrer Aurelio Coquillat Pascual, 60, Elx"
ChIJ1WY2XwC3Yw0RCbW808ZHQuc,"La Esquina Del Pollo, Halal",38.2670131,-0.7135299,"Carrer León Sánchez Sáez, Elx"
ChIJFRKC6oS3Yw0R3b90HAgwJoY,Bar buen hijo,38.26897439999999,-0.7113930999999999,"Carrer José Navarro Orts, Elx"
ChIJGY4Ipte3Yw0Rzp1jaBQ3dtE,La Tía Juana Elche ️,38.2680505,-0.6972533,"Carrer de la Diagonal del Palau, 8, Elx"
ChIJG1p3yNq3Yw0RG3Rx8Vfrslw,La Saga,38.2657926,-0.6979263,"Carrer de la Victoria, 2, Elx"
ChIJ2eT7-tW3Yw0R19-a0B8-_-o,La Brasa Global,38.26120909999999,-0.714884,"Carrer Antonio Machado, 90, Elx"
ChIJo4cRVvK2Yw0RGTJVO5_NBf4,El Garaje Bar Elche,38.2643144,-0.6985196,"Travessia de les Barques, 2, Elx"
ChIJLT_Xmfa2Yw0RReLiqGI5_AA,PERSIA RESTAURANTE - BAR - CAFETERIA,38.2685103,-0.7016471999999999,"Carrer Blas Valero, 59, Elx"
ChIJN8FkcIO2Yw0RtpDfcD5zsBs,LOS PRIMOS,38.2639994,-0.6814152,"Carrer Morera, 31, Elx"
ChIJC8oJqVa2Yw0ROp8HLKQTrRA,Tapería El Lloc,38.2771552,-0.7105681,"Carrer Jeremias Pastor Perez, 1, bajo, Elx"
ChIJbyC-MfG2Yw0RIw0tg_fks48,Bar restaurante Luceros Gourmet,38.2665911,-0.7027103000000001,"Calle del Marquès d'Asprilla, 27, Bajo 1, Elche"
ChIJo7Ibj9e3Yw0Rolh2MqgtI30,Restaurant Taperia El Jamón,38.2752384,-0.7121803999999999,"Carrer Antonio García Cayuelas, 52, Elx"
ChIJq-OHKvq2Yw0R5Ysz4xDrqhw,La Taberna,38.2669722,-0.7080403000000001,"Plaça del Bisbe Siuri, 4, Elx"
ChIJl8woneS2Yw0RAnkTWgsNfRI,Cofradía Dama De Elche,38.25978080000001,-0.7104623000000001,"Carrer Capità Alfons Vives, 98, Elx"
ChIJK6DrYiu3Yw0Rdq3t6s6ZVGA,Come y Calla - Elche - Comida para llevar,38.26968069999999,-0.6790898,"Carrer Banyeres, 3, Elx"
ChIJJ_FgyvS2Yw0RG4PJtgMWeBU,SUNSET SHISHA LOUNGE,38.26823160000001,-0.6968599999999999,"Carrer Mestre Albéniz, 1, Elx"
ChIJVTklP9O1Yw0RERM7b6j1wr4,Restaurante Yaho,38.2736889,-0.6712861000000001,"Carrer José Luis Navarro Campello, 2, Elx"
ChIJgaSljdW1Yw0RpkyX1dZawGk,McDonald's,38.27246799999999,-0.6691644999999999,"Alicante a Murcia, Poligono Industrial d'Altabix, Ctra. N 340, Sector E25, Elche"
ChIJmfIptPS2Yw0R_74O1u8ftHU,Mesón El Parque Restaurant,38.268637,-0.6964664999999999,"Carrer Portell de Granyana, 8, Elx"
ChIJr4xL8SS0Yw0R-zqn-BC2cB0,Restaurante Kisuki,38.2579694,-0.6703652999999999,"Partida alza ares allto, Elche"
ChIJv3nU9Vi2Yw0Rq_gFcc_qAbY,Supermercado Dialprix,38.2737776,-0.7032196000000001,"Carrer Antonio Martínez García, 50, Elx"
ChIJUd12fDq3Yw0RsREbNIGq_kg,Cocina Con Kike,38.2657024,-0.7099458,"Carrer Reina Victoria, 128, Elx"
ChIJb9ukI1a2Yw0RCwdBiOUA98k,Super diagonal 24 horas Panaderia pastelería bolleria pizzería,38.2727394,-0.7091327999999999,"Carrer de la Diagonal, 60, Elx"
ChIJXWlP-pS3Yw0R7F1uVFyrhAI,Cafetería Vibras,38.26461949999999,-0.6989327,"Carrer Mare de Déu del Carme, 11, Elx"
ChIJWSJrcQC3Yw0R1tcYX5hd7aE,LasTricato,38.26593749999999,-0.6958676,"Carrer Empedrat, 4, Elx"
ChIJ1eTCq_u2Yw0R5sQqPTgixho,Supermercado Dialprix,38.264672,-0.7084100999999998,"Carrer Poeta Miguel Hernandez, 78, Elx"
ChIJfzGYZ_O2Yw0RI2GM-mfxMLc,Comidas Para Llevar,38.2666377,-0.6974512999999999,"Carrer Alvado, 25, Elx"
ChIJ2csr_vK2Yw0R4_8SRY_tFAY,Mestizaje by Tomás López,38.2644376,-0.6984902,"Mare de Déu, Carrer Mare de Déu dels Desamparats, 13, Elx"
ChIJqRiLyB23Yw0RgcISAROpJ0c,La Latina Restaurante,38.2684959,-0.6955484000000001,"Carrer Mestre Albéniz, 11, Elx"
ChIJ86cxUwC3Yw0RA67EPMH9Bxo,Dieci 10 Elche,38.2630425,-0.7015949000000001,"Carrer Major del Pla, 11, Elx"
ChIJBeeLPi20Yw0RlWy8UW1OYqY,AGORA LOUNGE,38.2711619,-0.6692372999999998,"Plaza 8 De Marzo, bajo, Elche"
ChIJccWTcwC1Yw0RO9dSljxnqfE,P del TRI,38.27003670000001,-0.6723812,"Carrer Sabadell, 17, Elx"
ChIJpesieRS3Yw0RlQ4L3mzm0M0,Supermercado Dialprix,38.2830933,-0.6835867000000001,"Av Del Bimilenario, S/n, La Galia"
ChIJM6VnYbK3Yw0RvH3N_qtkOFo,La natural,38.26534609999999,-0.7058176,"Carrer Reina Victoria, 69, Elx"
ChIJMScQB_m2Yw0RwRV30Tt-bXU,100 Montaditos,38.269246,-0.7082042,"Plaza Chimeneas, Avinguda de la Llibertat, 74, Elx"
ChIJ858Fxr-3Yw0RhDsUSnhla24,Alma Concept Bar,38.2547726,-0.7067996000000001,"Carrer Espronceda, 124, Elx"
ChIJa6WPuOu3Yw0RbtDOVHqs3bg,PINO PIZZERIA E CUCINA ITALIANA,38.2705029,-0.6872023,"Carrer Francisco Vicente Rodriguez, 9, Elx"
ChIJs9PtFom3Yw0R823Ah2bNjE0,DON POLLO,38.2683046,-0.6860339,"Carrer Pío Baroja, 4, Elx"
ChIJV05JhIy2Yw0RhP7xVuferUs,Los Fogones De Zeron,38.2666435,-0.6943707,"Avinguda en Joan Carles I, 13, Elx"
ChIJu4b_Afy2Yw0RpDNkgbdfV1Y,CARLA Comidas Para Llevar,38.266946,-0.7108620000000001,"Carrer Mariano Perez Vives, 5, Elx"
ChIJ6cEFQeu2Yw0ROjdhIB7-CPY,Asadero Costrería El Sol,38.2553176,-0.6972422999999999,"Avinguda de Dolores, 29, Elx"
ChIJn-ebJQC3Yw0R1knMNbH0Sbw,Mátame cervecería,38.264845,-0.6970413999999999,"Carrer Antonio González Beltráni, 10, Elx"
ChIJ2TYFzk23Yw0Roia6ql1R0ec,Alma Andaluza comida para llevar,38.2577605,-0.7039845999999998,"Carrer Pablo Picasso, 18, Elx"
ChIJWeD4T-S2Yw0RJPsDkuEtf4U,El Meloso Restaurant,38.25843,-0.7088399999999998,"Carrer Fra Jaume Torre, 44, Elx"
ChIJr5-RDv62Yw0Ru8v03jBbbkM,River Café,38.26738359999999,-0.7144878,"Carrer León Sánchez Sáez, 49, Elx"
ChIJKfaAQ4u2Yw0Rc1NqjOR6SWk,Columpio Bar,38.2679109,-0.6954505999999999,"Carrer Sant Agatàngel Patró d'Elx, 1, Elx"
ChIJBeQpNgC3Yw0R0nAT0hQO44U,D'Tívoli Restaurante,38.27011330000001,-0.7171096000000001,"Carrer Juan Díez Martínez, 77, Elx"
ChIJcffqRgC3Yw0RaGIZpCyLPr4,Restaurante La mano de Fatima,38.2710748,-0.7142763999999999,"Carrer Juan Sansano Ibarra, 1, Elx"
ChIJV1HzX3O3Yw0ReShNZd1hMmw,Tres 73 Restaurante,38.2679655,-0.7117144,"Carrer Jose Maria Soler Agulló, 28, Elx"
ChIJpYHLv_-2Yw0R6wNVKVUodFU,Tapería Cafetería La Hellinera,38.2708345,-0.7139140999999999,"Carrer José Díez Mora, 71, Elx"
ChIJAYMEvda1Yw0RGozmwAg9dh8,Restaurante el Antojito,38.2784423,-0.6734999999999999,"Carrer Josefina Manresa, 107, Elx"
ChIJCdOE-9S3Yw0RLXOA9A8ndp0,Veranda Garden Bar,38.2637394,-0.6922497999999999,"Carrer Porta de la Morera, 14, Elx"
ChIJldyWaFe2Yw0RMqjuk3kNIHo,Supermercados Dia,38.2760858,-0.7064933,"Carrer Francisco Tomás y Valiente, 20, Elx"
ChIJ5-3sNwC3Yw0RMup_k9AJ8jE,American Vintage bar,38.26433919999999,-0.6988525999999998,"Carrer Mare de Déu del Carme, 11, Elx"
ChIJ4eHYUz-3Yw0Rm4esqfEmTTU,Tyha kebab,38.2670404,-0.7134596,"Carrer José Navarro Orts, 66, Elx"
ChIJsbfWncm3Yw0RnOaWUZhqOgM,joplajoma,38.2661937,-0.6929657000000001,"Calle Escultor Capuz, 5, 6º dcha, Elche"
ChIJ-ZoAvv62Yw0R7ruP9GFZ1es,Freiduria,38.267969,-0.7117015,"Carrer Jose Maria Soler Agulló, 26, Elx"
ChIJdfhQoy23Yw0RGkSCgVpaED8,MARCELINO,38.2659711,-0.6975577000000001,"Carrer Sant Jaume, 4, Elx"
ChIJx9sSmm23Yw0RjmFa9FiJyCo,Bombay Hindu restaurant Elche,38.2660568,-0.6772745,"Carrer los Montesinos, 20, bajo 2, Elx"
ChIJ7dJQA6i1Yw0R_XMKHxo3avA,Asadero Lis Altabix | Comidas para llevar,38.27096,-0.67774,"Avinguda d'Alacant, 91, Elx"
ChIJefio8d63Yw0Rn858fbQZkGQ,La Barra del Músico,38.26444169999999,-0.6941794,"Carrer Porta de la Morera, 15, Elx"
ChIJD6wfLvO2Yw0RI60ibAo9eLQ,Nutrición Selecta,38.2664348,-0.698623,"Carrer Alvado, 2, Bajo, Elx"
ChIJzWhdBWS3Yw0RUcrFUl860Cs,Pinseria Basile | Elx,38.2690697,-0.7097218,"Carrer José García Ferrández, 1, Elx"
ChIJoXJLKIa2Yw0RWVG1O-qCAbo,Altabix Turca,38.2692768,-0.686741,Spain
ChIJW5a2BDG3Yw0R94dbxthzF7I,Abuela Mary,38.2595102,-0.7369454,"Calle Fuensalida, 3, La Peña de las Águilas"
ChIJO8aTUou2Yw0RoHaRJZ7roJ8,Flaherty's,38.26763989999999,-0.6962189999999999,"Passeig Eres de Santa Llúcia, 13, Elx"
ChIJq_kpaKy3Yw0RdsoIdW0IirA,Porta d'Elx Restaurant,38.2787999,-0.7183721,Spain
ChIJWdG8ugG3Yw0RbXrH3T34OiA,Restaurante Paradais Cafetería,38.2689205,-0.7171032999999999,"Carrer León Sánchez Sáez, 85, Elx"
ChIJe4O5NYC2Yw0RcXwUPwfa1xU,Restaurante Hong Kong III,38.26970959999999,-0.6784618999999998,"Carrer Orihuela, 4, Elx"
ChIJ58_1WSS3Yw0RtRPDFv2Bp4o,Ca Tona Restaurante,38.243584,-0.722333,"Partida Algorós, P-1-261, Elche"
ChIJ-Qt6ReW2Yw0RVzS6Vd0wKKw,Cafeteria J.R,38.2610274,-0.7064359,Spain
ChIJ_QmlOWa2Yw0R-W01_gbJVm8,Restaurante El castillo,38.2823229,-0.6926496999999999,"Partida Altabix, N84, polígono 1, Elx"
ChIJHRwNAz63Yw0R4luys5KiQY4,CIRCO Elche Centro,38.2646124,-0.6987111999999999,"Carrer Mare de Déu dels Desamparats, 8, Elx"
ChIJEWHsP_a2Yw0RmTr7U9ZW4-Y,Al-jaima Bilal,38.271114,-0.7022820999999999,"Avinguda de la Llibertat, 12, Elx"
ChIJVVW5W_C2Yw0RmdVMmNUS_EE,El Palacio Del Pollo,38.2639539,-0.7042027,"Carrer Andreu Castillejos, 28, Elx"
ChIJB7InpcG3Yw0RbJbEegbg-pY,MalaBarraca,38.26776220000001,-0.7042981,"Carrer Mariano Luiña, 16, Elx"
ChIJI8OXrPe2Yw0Rp6f6Q1FiONI,Milano Pizzeria,38.2700424,-0.7034819999999999,"Carrer Cristóbal Sanz, 82, Bajo, Elx"
ChIJUf8nXTu3Yw0RYqEZ2K-A8Io,Chupiteria lotus,38.2651284,-0.6979465999999999,"Carrer Troneta, 14, Elx"
ChIJkV4KF_y3Yw0RRS1v5SvuWJ8,La Taberna de Amor,38.2724046,-0.7102113999999998,"Carrer Esperidion Porta Requesens, 115, Elx"
ChIJ8zbnz0-3Yw0RyuWQkjfTBdw,Águila Bar La Torre | Restaurante en Elche | Alicante,38.26103659999999,-0.7040532999999999,"Carrer la Torre, 14, Elx"
ChIJf7YGLT63Yw0RlaTLiHRnsRQ,Sushi Dori Elche,38.2655197,-0.6938449999999999,"Carrer Daoíz, 11, Elx"
ChIJibkS01K2Yw0RwxBsJWFz-sI,Jackson American,38.28056979999999,-0.7153257,"Carrer Almansa, 25, Elx"
ChIJZ68eUAC3Yw0RlQFpaxQMdDs,Mesón Vizcaíno,38.27009659999999,-0.7169848999999998,"Carrer Juan Díez Martínez, 73, Elx"
ChIJMfXwNIC2Yw0RX7o2VM60IDc,Ristorante Portofino,38.26994620000001,-0.6783005999999999,"Carrer Orihuela, 3, local 1, Elx"
ChIJfQNcSpK2Yw0RZHR06PlGySo,La Taula,38.2593668,-0.6928166,"Carrer Curtidors, 17, Elx"
ChIJQdTfDxa3Yw0Rym6SkFKNrBE,Vaxto Elche | Hamburguesería en Elche a la brasa,38.264622,-0.6987066,"Carrer Mare de Déu dels Desamparats, 8, Elx"
ChIJj_Y-c2W3Yw0Rf8EBJe2jnx4,Sabores de La Vega,38.26638190000001,-0.7087245000000002,"Carrer Benito Pérez Galdós, 53, Elx"
ChIJXY3NO0G3Yw0RlX5OY-7FDiQ,El Gato Ye-Ye,38.267565,-0.6989394999999998,"Plaça del Palau, 1, Local 1, Elche"
ChIJH-EfVY22Yw0RjwPLysRQPt0,Supermercado Dialprix,38.26202319999999,-0.6963038,"Carrer del Filet de Fora, 48, Elx"
ChIJp42yvaq3Yw0RWhogde7WZ6s,"Palacio Del Pollo ""El Toscar""",38.27305489999999,-0.7163168999999999,"Campero Ruiz, Travessia Manuel Campello Ruiz, 18, Elche"
ChIJP1gZooi2Yw0RmNKN9ddNduw,Restaurante Vegetariano Quinoa,38.2756698,-0.6787202999999999,"Carrer Francisco Rabal, 3, Elx"
ChIJ4Y6CSdG3Yw0RK8yagxF4ES8,Manjares Elche Areperia,38.2657068,-0.7084026999999999,"Carrer Reina Victoria, 104, Elx"
ChIJH6Iy3oy2Yw0RRfuXM1PkPpQ,Taberna Peix de Santa Pola,38.2646103,-0.6951453,"C/ Infante Don Manuel, 2, Elche"
ChIJX1pyHI22Yw0RynMgDd80fyE,Cafetería Ripoll,38.2641563,-0.6944663999999999,"Carrer Eugenio d'Ors, 1, Elx"
ChIJi95tOgC3Yw0R95NXBODvZLU,De Marcos comida tradicional para llevar,38.2702945,-0.7160734,"Carrer Emilio Hernández Selva, 74, Elx"
ChIJfQ5Q0MC3Yw0R-Xw5k994_00,La Galería del Pintón,38.26624049999999,-0.6981948,"Carrer de les Ànimes, 10, Elx"
ChIJMXJup2W3Yw0RCPNPuYkFxrk,Rocket Pizza,38.26516609999999,-0.6951674,"calle Infante D. Manuel, Carrer Almòrida, 2, 5, pasaje, Elx"
ChIJsZk5vwS3Yw0Ry36_DDKCKfQ,Cerveceria 100 Montaditos,38.26266099999999,-0.7211101,"Centro Comercial L’aljub, Calle Jacarilla, 7, Local A-23, Elche"
ChIJE55xtYy2Yw0Rr0Sgm6EXunI,Restaurante Lungo Mare | Elche,38.2657239,-0.6961741,"Plaça Glorieta, 3, Elx"
ChIJg57DB1NMYg0RW88lDWupB_c,Restaurante María Asunción Mateu Colón,38.2643873,-0.7077301999999999,"Carrer Poeta Miguel Hernandez, 69, Elx"
ChIJw9vC9ei2Yw0RZdtuOU07U8k,Restaurante Nit i dia,38.2537261,-0.7043974,"Avinguda dels Llauradors, 12, Elx"
ChIJDzihYQC3Yw0RuFF4e3Bb3Ss,Malabar Elche,38.2651284,-0.6979465999999999,"Carrer Troneta, 14, Elx"
ChIJ6Yi8qhO3Yw0RvLv5ybxH2PU,Burger King,38.26126199999999,-0.7169449,"Avinguda de Crevillent, 2, poligono l´aljub, Elx"
ChIJwXq_kvu2Yw0R1MgUmXCNrTs,Pizzeria Belmonte,38.2656673,-0.7097364999999999,"Carrer Reina Victoria, 126, Elx"
ChIJsYnODgC3Yw0RVE4Ykek0tx8,Restaurante El Tío Román,38.26910339999999,-0.7114883,Elx
ChIJB-GbH3-2Yw0RIHbYZpYIZy8,PITY'S FOOD,38.2763347,-0.679551,"Carrer la Carátula, 12, Elx"
ChIJgfW3K0O3Yw0RDwpDfUpMrvs,BOSS Kebab Pizzeria,38.2738118,-0.7122760999999999,"Carrer de la Diagonal, Elx"
ChIJFY4vVfq2Yw0RPsGKdu_nW2I,Chickers Coffee,38.2646729,-0.7082617,"Carrer del Capità Antoni Mena, 50, Elx"
ChIJvSTriPK2Yw0RqQ-jifQM4JE,Asador De Pollos El Rey La Mesa,38.2625495,-0.6984909,"Carrer Angel, Elx"
ChIJ67IU6rG3Yw0Rzd53zIs22Ss,Sabor y Alma,38.2643522,-0.7085058,"Carrer Poeta Miguel Hernandez, 81, Elx"
ChIJbZrqMRO3Yw0RFWeeRBKvr_8,COMO EN CASA ELCHE,38.2677982,-0.7040645,"Carrer Vicente Blasco Ibáñez, 43, Elx"
ChIJe2ZEIAC3Yw0RsFVtvOevj2w,Restaurant El Tonell,38.2465444,-0.706017,"Km1 - Polígono Miralles, CV-851, Elche"
ChIJ-YOUEtS3Yw0RjTIwE0Q_KPA,La casica de Gemma,38.2588841,-0.7090512,"Carrer del Capità Baltasar Tristany, 153, Elx"
ChIJdZi3Oe-2Yw0RNGlIbdWL_Wg,Brasería - Tapería Sofi,38.25724889999999,-0.7043562,"Carrer Conrado del Campo, 97, Elx"
ChIJtTMzfvS2Yw0R-_FcSvR8rJI,Malasaña,38.2672514,-0.6987419,"Carrer Major de la Vila, 29, Elx"
ChIJ8S0eL1a3Yw0Rt_Uj6XFMvTs,Sabores del Norte La Galleguiña,38.276871,-0.7145198999999998,"Carrer Diego Pascual Oliver, 34, Elx"
ChIJ1d_cvAu3Yw0R5noKor5FyZE,Restaurante Pita de Oro,38.2699555,-0.7055492999999999,"Avinguda de la Llibertat, 48, Elx"
ChIJEbOKoO22Yw0RQbYaGoLFhk0,Adarve,38.2602587,-0.6987283,"Carrer Major del Raval, 4, Elx"
ChIJlcHIf763Yw0RgnqMAMQM4y0,The Soul Bar,38.266601,-0.6971664,"Carrer Bisbe Tormo, 13, Elx"
ChIJa9WbggS3Yw0RGfG_ioIYFnM,KFC,38.2629879,-0.7214794999999998,"Carrer Jacarilla, 7, Elx"
ChIJvyf0yZW3Yw0Rr_QBi1PB-i8,Chili Shawarma,38.2580198,-0.7028593999999999,"Carrer Pere Joan Perpinyà, 3, Elx"
ChIJZWAvi_u2Yw0Rhg96WhRuCEw,Cafeteria Bar Toñy,38.2656948,-0.7103265,"Carrer Reina Victoria, 136, Elx"
ChIJ12Y_pO23Yw0R8RFJmlTBFn8,tacos gabriel,38.2690177,-0.6838467999999999,"Avinguda d'Alacant, 64, Elx"
ChIJaY3uCAC3Yw0R3gnZ-2453eI,Darts Bee-beer,38.2679357,-0.7122227999999999,"Carrer Mariano Perez Vives, 41, Elx"
ChIJ91opqFm2Yw0RCGujOpaZZw0,Restaurante La Repla,38.2753823,-0.7034193999999999,"Carrer Ramón Vicente Serrano, 65, Elx"
ChIJpTfzJle2Yw0R-H70JoTZbMw,Pizzería - taperia Luis Kebab,38.2766968,-0.7079322000000001,"Carrer Manuel Vicente Pastor, 107, Elx"
ChIJ0Un1TdW3Yw0RLUrKhUDwWw8,Tapería donde Luis,38.2661483,-0.7123472,"Carrer León Sánchez Sáez, 13, Elx"
ChIJ6dmiCDG3Yw0RyildEpBtXqk,Macadamia Café Elche | Cafetería Elche | Pastelería | Bollería,38.26311139999999,-0.7005300999999999,"Plaça del Pont, 1, Elx"
ChIJy-7dJLO3Yw0R4z_DYLmcfRQ,Meat Brother,38.2698223,-0.6773766,"Carrer Baltasar Brotons Garcia, Elx"
ChIJm_ZFiC-0Yw0RCF3eSXuYMZ0,Restaurant Multiaventura,38.2629859,-0.6680606,"Avinguda del Travalón, 31, Elx"
ChIJuz7Dv_i2Yw0RDwy2ZuFYOL4,Asador La Barbacoa,38.270912,-0.7093809999999999,"Avinguda de Novelda, 29, Elx"
ChIJeyry_uW2Yw0R3L_JNTiyf8E,Nuevo Davó Tapería,38.2566614,-0.7059830999999999,"Carrer Enrique Pire García, 32, Elx"
ChIJ5RR5q4q3Yw0Rb3vuFlzsb_o,Bar El Club de las Cervezas,38.27329460000001,-0.7022790999999999,"Carrer Ramón Vicente Serrano, 28, Elx"
ChIJBa_8DvO2Yw0RCMTNvZZilag,El Arco,38.2652647,-0.6982486999999999,"Plaça de Baix, 7, Elx"
ChIJo6cKlSm0Yw0RcJh31dOcU6c,Cafetería Pull,38.2660692,-0.6760492,"Carrer Francisco Perez Campillo, 21, 23, Elx"
ChIJRXToGOa2Yw0RRtAg1usNjb8,Supermercados Dia,38.25528629999999,-0.7053216000000001,"Carrer Hilarión Eslava, 154, Elx"
ChIJGQSW8Zi3Yw0RLQY2oabhmFQ,Taberna Chico Calla Elx,38.26474869999999,-0.6989004999999999,"Carrer Mare de Déu del Carme, n5, Elx"
ChIJwY3kbDO3Yw0RMeBWieEdYgo,Sal i Fum Restaurante,38.2661028,-0.702545,"Carrer del Marquès d'Asprella, 8, Elx"
ChIJx3k6koe2Yw0REXhKBomkP6Y,Taperia Purazepa,38.2714554,-0.6848916999999999,"Plaça d'Altabix, 10, Elx"
ChIJc3sAO_e2Yw0RvFEedCt9K98,Chicken Grill,38.26782149999999,-0.7041031999999998,"Carrer Vicente Blasco Ibáñez, 43, Elx"
ChIJgfEMxo22Yw0RiNHsD6gVmGE,Restaurante Els Capellans,38.2637394,-0.6922497999999999,"Carrer Porta de la Morera, 14, Elx"
ChIJYX0GJ4e2Yw0RpSUuDW6uI9E,Supermercado Dialprix,38.2699439,-0.6828734000000001,"Carrer Bisbe Winibal, 3, Elx"
ChIJqWARHlW2Yw0RP8CpxJCbbVM,Pollastres Guerrero,38.2749029,-0.7137880999999999,"Avinguda de Novelda, 97, Elx"
ChIJC33V8K23Yw0RDoqeJtfpC5s,Restaurante Linde's,38.2824312,-0.71932,"Carrer Segorbe, 39, Elx"
ChIJ7xKdZwC3Yw0RGcBoOJ8bzUk,OLE,38.2664558,-0.6979567,"Plaça de les Flors, 11, Elx"
ChIJvxN_1u23Yw0RYt20sQgfCPI,Burguer Remi,38.27270699999999,-0.7090860999999999,"Carrer de la Diagonal, 56, Elx"
ChIJDQzB4Pa2Yw0RfZ-gFrl_av0,La Casa Vella,38.2684446,-0.7031723,"Carrer Ruperto Chapí, 57, Elx"
ChIJbfZhufm3Yw0RAZhFGFRNn0s,RESTAURANTE CUESTA,38.2708289,-0.7034697,"Avinguda de la Llibertat, 26, Elx"
ChIJbXy-94y2Yw0RODtYb5tzCqk,Il Girasole Toscano,38.2652033,-0.6938982,"Carrer Daoíz, 17, Elx"
ChIJEUmedbK3Yw0RjYVAXZfMByA,瑞明美食Restaurante Ming,38.2688502,-0.7085783000000001,"Avenida de la Libertad, 86, puerta 1, Elche"
ChIJi0q48PO2Yw0RCd-rw9WoWIY,Mercat Central d’Elx,38.26666989999999,-0.7003731,"Avinguda de la Comunitat Valenciana, s/n, frente número 15, Elx"
ChIJZ_VYDP-2Yw0RzAqDehLSu_M,Restaurante Casa Fina sl,38.27075799999999,-0.712502,"Carrer Antonio Brotons Pastor, Nº35, Elx"
ChIJ_bICtvC2Yw0R-v3ieN4ijE8,Pastelería La Repostería,38.2673143,-0.705387,"Carrer Jorge Juan, 31, Elx"
ChIJs5APfZq3Yw0RuRA2w9PcCao,METRO PIZZA,38.26314159999999,-0.7025954999999999,"Carrer Mestre Serrano, 33, Elx"
ChIJYxn9gu-1Yw0Rkcf6_7_FyKo,Restaurante Zona 13 Elche,38.2690468,-0.6768135999999999,"Carrer Frasquita Vazquez, 13, Elx"
ChIJcVkJMwC3Yw0RyzvvUtMr3qM,ELCHE,38.2430183,-0.722405,"CV-875, 244b, Elche"
ChIJgfnKGgy3Yw0RUWMvWlCs6uw,Pizzeria Donna Sofia,38.26807,-0.70045,"Avinguda de la Comunitat Valenciana, 27, Elx"
ChIJI76Wnwu3Yw0RT6cd5dTlFu8,Restaurante Nazarí,38.2686902,-0.7044623,"Carrer Oscar Esplá, 37, Elx"
ChIJewpKWle2Yw0RRWdWX9qy73M,Chus Coffee Bar,38.27682360000001,-0.7062400999999999,"Camino de los Magros, 141, Elche"
ChIJ56nc_eW2Yw0RsddedQ74sO4,El Fogón Ilicitano Sector V,38.2567907,-0.7059223,"Carrer de Maximilia Thous, 97, Elx"
ChIJM8qWByu3Yw0RDzrB5zeA_jA,Vezzo,38.2623096,-0.7206173000000001,"Carrer Jacarilla, 7, Centro Comercial L'Aljub, Elx"
ChIJBTV1qme3Yw0RzD8xMhbKsxs,BAR RESTAURANTE BARRACHINA,38.252946,-0.7028047999999999,"Calle Maestro Román, 14, Elche"
ChIJ46MIFBW3Yw0RquyQO5lu9Uo,Hay Que Bot,38.2591174,-0.7034052999999999,"Plaça Reis Catòlics, 36, Elx"
ChIJIy3eyeC3Yw0RAxKFc2ZAPJo,Acai bowl elche,38.26806699999999,-0.7042239000000001,"Carrer Vicente Blasco Ibáñez, 58, Elx"
ChIJSa9f6Fe2Yw0RIHMCRMc3oTI,Bar restaurante Los Cazadores,38.27306829999999,-0.7066715,"Carrer Patricio Ruiz Gómez, 84, Elx"
ChIJlxr8voi2Yw0Rwe2AXji8OLg,Restaurante Abundancia,38.28060809999999,-0.7202841999999998,"Avinguda de Novelda, 163, Elx"
ChIJc44Fmoe2Yw0RdTonvHHpDl0,D´Emma,38.27686449999999,-0.6782448999999999,"Carrer d'Il·licità Absent, 15, Elx"
ChIJUdV0QvO2Yw0Rt74VtegPSi0,Bar Restaurant El Botxo Elx,38.2661416,-0.6975102999999999,"Replaceta de la Fregassa, 2, Elx"
ChIJ61gnAT23Yw0R7ujcUUmB7XU,Restaurante Los Pinche Tacos,38.2709805,-0.7140907999999998,"Carrer Vicente Fuentes Sansano, 2, Elx"
ChIJQcSZpvm2Yw0RdpxP4B7bVt4,Pollo Broaster,38.2687081,-0.7079459999999999,"Avinguda de la Llibertat, 80, Elx"
ChIJL0HWNfK3Yw0RZoQFSV_zd68,Restaurante Gravity,38.2710315,-0.7113387,"Carrer Pedro Moreno Sastre, Elx"
ChIJi_YeZQC3Yw0RC6X8Ucn5eAI,Perri Perri Kebab pizzería,38.27032930000001,-0.7127969999999999,"Carrer José Díez Mora, Elx"
ChIJi9L3TLq3Yw0R9Brk1UaPj3Q,PEPPO´S coffee,38.2661488,-0.6959595,"Carrer Empedrat, 2, Elx"
ChIJZwpqd3O3Yw0R0I9SGSLmRmU,Mamá Me Lo Como Todo Elche,38.2658742,-0.7105799999999999,"Avinguda de la Llibertat, 93, Elx"
ChIJ-Zk1ula2Yw0RZbHEHgB5V5k,Supermercado Dialprix,38.27618469999999,-0.7092940000000001,"Avinguda Ausiàs March, 90, Elx"
ChIJz7CVuPG2Yw0RFc4D0ckMCds,Tnt Coffee Burger,38.2631099,-0.7025924000000001,"Carrer Mestre Serrano, 33, Elx"
ChIJVY_eXFy3Yw0RchZdxwSeXdE,Kebab Elche French Tacos,38.274903,-0.7032895000000001,"Carrer Esperidion Porta Requesens, 9, Elx"
ChIJXwO8TYK3Yw0RylLmzeOp0ak,Burger King,38.2725137,-0.6911227,"Avenida del Alcalde Vicente Quiles, 8, Elche"
ChIJx8E10_i2Yw0RwOq5oHz_PJg,ASADERO DE POLLOS JEYCAR,38.2692438,-0.7102523999999999,"Carrer José García Ferrández, 10, Elx"
ChIJi57LgYe2Yw0RpBOjjHJnXAY,Bar Hermanos Zapata,38.2722267,-0.6843988,"Carrer Clemente Gonzalvez Valls, 22, Elx"
ChIJNYmzVOO2Yw0R8qhsDtlq32Q,CAFETERIA CRICKET,38.26175059999999,-0.7096861999999999,"Carrer Antonio Machado, 61, Elx"
ChIJdUwN0Y22Yw0RGlsVQURWqYw,La Taronja restaurante,38.26411169999999,-0.6920257999999999,"Carrer Porta de la Morera, 45, Elx"
ChIJReZ-1uy2Yw0Rd7JJV3LAfeM,La Teulada Restaurante Cafetería,38.25901,-0.6965722,"Carrer Fray Luis de León, 5, Elx"
ChIJ-yk4fQCCYw0RJ3ONxZAkp2c,Pollos Fabys,38.2686688,-0.7083777000000001,"Avinguda de la Llibertat, 86, Elx"
ChIJvbOOYaq3Yw0Ra8yGFIr5llw,Kebab chimeneas,38.268891,-0.7085246,"Avinguda de la Llibertat, 86, Elx"
ChIJcdwD3cq3Yw0RlnHgbpQeYN8,Nuestro Bar,38.2662374,-0.6773549999999998,"Carrer los Montesinos, 20, Elx"
ChIJLwRVXgC3Yw0RnPC6wJ3PDCo,KEBAB TANGER,38.2741998,-0.7100228000000001,"Carrer Germans Navarro Caracena, 77, Elx"
ChIJ64i7EwC3Yw0R491jFlnmtA8,Restaurante AsiaElx,38.2691021,-0.7114916,Elx
ChIJh5nhHfC2Yw0RBfZKvomFzkA,O nonno mio Kebab y Pizzeria,38.265358,-0.7029339999999998,"Carrer Reina Victoria, 28, Elx"
ChIJuR_5toy2Yw0RF0q1XPpt4AE,Mesón Ricardo,38.2659699,-0.6958777,"Carrer Empedrat, 6, Elx"
ChIJU3cpIuO2Yw0RXQXOSu7JSZQ,Risto pizzeria alex,38.2605222,-0.7125935000000001,"Carrer Fernanda Santamaría, 120, Elx"
ChIJMw3etBi3Yw0RHTBGimZquPY,Asador City Wok Elche,38.2613773,-0.7223737,"Avinguda de Crevillent, 22, Elx"
ChIJY6q5Si23Yw0RH8U9VxfTckA,la rosa andaluza,38.27593849999999,-0.6790667,"Carrer Alfredo Mira Gran, 7, Elx"
ChIJwz3Ycv63Yw0RPX901P2428o,Restaurante Mùcura - El cafetal.,38.2684772,-0.7072301999999998,"Carrer Concepción Arenal, 6, Elx"
ChIJs146--S2Yw0RPokDEtkebcA,Bretones Restaurante,38.25969990000001,-0.7086251,"Carrer del Capità Antoni Mena, 120, Elx"
ChIJPR8Bd-K3Yw0RIKuNHf3x74A,"Raspa ""EL COCINERO LOCO""",38.25828269999999,-0.6982001,"Carrer Isaac Peral, 8, Elx"
ChIJKWGGB_O2Yw0R42Nrbk_-kBQ,La Biblioteca,38.264678,-0.6985559,"Carrer Mare de Déu dels Desamparats, 7, Elx"
ChIJlWO_nWm3Yw0RoJ4V_WJZDRk,Saona Elche,38.26545869999999,-0.6983285,"Carrer Corredora, 1, Elx"
ChIJi0cOtYy2Yw0R8C64a1jgtBM,100 Montaditos,38.2658889,-0.6961906,"Plaza Glorieta, 2, Elche"
ChIJ7alrRPy2Yw0RcZBhNP56kGs,Restaurante La Peatonal Europea,38.269246,-0.7082042,"Avinguda de la Llibertat, Plaza de las chimeneas, 74, Elx"
ChIJOerTfPG2Yw0RFVFdYsYUXDU,El Fogón Ilicitano Centro,38.26501469999999,-0.7012065,"Carrer Camilo Flammarion, 2, Elx"
ChIJXa_59-i2Yw0RJ0t33R0w8Hs,"El Rostit, Pollastre i Menjar per Emportar",38.25387200000001,-0.7040101999999999,"Carrer Amilcar Barca, 17, Elx"
ChIJbUkrevO2Yw0RprYJDfQ6rik,Mar i Merlot,38.26660499999999,-0.6983763000000001,"Carrer Alvado, 3, Elx"
ChIJKT3Hi6LEYw0RqCqtSNou7ak,Paellíssimo,38.2447655,-0.6838578,"Parque Agroalimentario La Alcudia, Calle Cerro de los Santos, 15, Elche"
ChIJU_09VvG2Yw0RkgRYUUbPqPU,Restaurante Forjador,38.26660880000001,-0.7012250999999999,"Carrer Doctor Caro, 25, Elx"
ChIJ6ZPB4Nq3Yw0RC7sQZEZ-i4w,Mr.Gamberro,38.26500679999999,-0.7007517,"Paseo de la junventud, 1, Elx"
ChIJD7kCWDC3Yw0RnOn20ZcjI6k,La Barrica,38.26461159999999,-0.6989953999999999,"Carrer Mare de Déu del Carme, 14, Elx"
ChIJ44kyar21Yw0RovNDrrMrDbU,Eventos La Magrana S.L.,38.27363669999999,-0.6684165999999999,"Avinguda d'Alacant, 109, Elx"
ChIJvxQ6YCK3Yw0RJ_H_SnT2GvA,Jamonteca SIBARITA’S,38.2662065,-0.7056889,"Carrer Benito Pérez Galdós, 21, Elx"
ChIJ57zRSfi2Yw0RiS1iGofeYOU,Restaurante Levante,38.2700814,-0.7070768999999999,"Passeig Nit de l'Albà, 17, Elx"
ChIJ-cW9bLW3Yw0R23iPS2x0JQE,Taberna Fuego Lento,38.26712139999999,-0.6945767,"Carrer l'Alpuixarra, 10, Elx"
ChIJS2GMtfS2Yw0R3GSCGfbBd1Y,Los 7 pecados,38.26842879999999,-0.6962482000000001,"Carrer Mestre Albéniz, 5, Elx"
ChIJ_5BI_Cm0Yw0R3MuruMRnKOc,Hamburguerix,38.2667414,-0.6772313,"Carrer Orihuela, 20, Elx"
ChIJ5ThOjHq3Yw0RAI046MlnwDE,A CA JAVI,38.26889869999999,-0.7172742,"Carrer Emilio Hernández Selva, 107, Elx"
ChIJwwLo3uW2Yw0RVvj9GYgGnj0,Just Kebab,38.256653,-0.7070354999999999,"Carrer Enrique Pire García, 42, Elx"
ChIJTyA_Vv23Yw0RTQspTJf63kc,Sabor Único,38.2685194,-0.6873242999999999,"Avinguda d'Alacant, 9, Elx"
ChIJLxOSsSi3Yw0R_u2opmuTfu4,Poniente Bar,38.2583687,-0.7070477000000001,"Carrer Fra Jaume Torre, 34, Elx"
ChIJK5kYOq-3Yw0RZGOTqVrvOH0,Rinto,38.2599408,-0.6966032999999998,"Carrer del Filet de Fora, 96, Elx"
ChIJMxzLmCe3Yw0RmIdwMtdhJEE,Flamingo Brunch & Food 🩷,38.26684579999999,-0.7022523999999998,"Plaza España, 3, Elche"
ChIJb-QrxR-1Yw0R0IWHSIehIMM,La Font,38.2712037,-0.6695111999999999,"Carretera Alicante-Murcia, 38, Elche"
ChIJ_z4Ec1a2Yw0ROuybbJ6RXIQ,Social Comedor,38.2737984,-0.7101875999999998,"Carrer Ginés García Esquitino, 90, Elx"
ChIJ5_CINgC3Yw0RQG-yu1tyKGc,Bar Tapería Franja Verde 2,38.2699212,-0.7161002999999999,"Carrer Juan Díez Martínez, 78, Elx"
ChIJIf75irK3Yw0R3AXgrsWm0as,Restaurante Vega Baja,38.2837032,-0.7174412000000001,"Carrer Valverde del Camino, 26, Elche"
ChIJU9_n2Ya2Yw0RNwXCy2gWMNs,Domino's Pizza,38.26952259999999,-0.6827589,"Avinguda d'Alacant, 55, Elx"
ChIJLaMDwK63Yw0Rvp9o-FaUBUA,Restaurante Meseguer,38.2789156,-0.7210611,"Carrer Monòver, 36, Elx"
ChIJzSupmvC3Yw0RgXeOJuZpEtg,Berto's,38.2706533,-0.6864447,"Carrer Blas Selva Mendiola, 4, Elx"
ChIJhWDOR_u2Yw0RkHXCl6i3lo4,Pollos asados Che Que Bo,38.2624869,-0.7094414,"Carrer Capità Gaspar Ortiz, 93, Elx"
ChIJ6er7LFi3Yw0RCBmbYAaIBzc,Del Poble Pizza Restaurant,38.2759617,-0.6789319,"Carrer Alfredo Mira Gran, 9, Elx"
ChIJARgsx3i3Yw0Rt1LRDHdCmn8,Müna Kümey,38.26051059999999,-0.7012358,"Plaça Reis Catòlics, 15, Elx"
ChIJlY8O3fK2Yw0R-VLD7oBOefY,Bar El Palmeral y la Dama,38.263913,-0.6973220000000001,"Carrer de Sant Miquel, 19, Elx"
ChIJxU6sQfq2Yw0RrgHFFyucUBs,Taperia Victoria,38.2655397,-0.7070807000000001,"Carrer Reina Victoria, 92, Elx"
ChIJQz0St4y2Yw0Rsz16GmvyY6U,MacLarens,38.26596619999999,-0.6957820999999998,"Carrer Empedrat, 7, Elx"
ChIJYd8_XwC3Yw0R3tDHiNCMeIk,Taco Bell,38.2619782,-0.7209142,"Carrer Jacarilla, 7, Elx"
ChIJJe_m6O-2Yw0RsHY1njJSCDM,Bar El Reventadito,38.2611446,-0.7049719,"Carrer la Torre, 23, Elx"
ChIJPWMU8NW3Yw0R8evvE5QtklI,Bar betel,38.27170999999999,-0.7026087999999999,"Carrer Antonio Martínez García, 18, Elx"
ChIJ1eolXBq3Yw0RnQOQTn8gmHA,GastroBar Avenida,38.2731545,-0.7122329999999999,"Avinguda de Novelda, 65, Elx"
ChIJ8RQee4C2Yw0RFlACAmBK8xo,Sushi Club (Restaurante Sushi),38.26553619999999,-0.6954329999999999,"Carrer Almòrida, 1, Elx"
ChIJMdLB50y3Yw0R_Y_W_mM-7uo,Ristorante La Piccola Italia,38.2663508,-0.7012169,"Carrer Doctor Caro, 17, Elx"
ChIJ0Zo7W1G2Yw0RTO0Isc3-NEQ,La Noguera,38.2783553,-0.7101422,"Carrer Alfredo Sánchez Torres, 6, Elx"
ChIJVaXxkNy1Yw0RbuBBcZu2alU,restaurante simon,38.2891687,-0.6694991999999998,"Partida Altabix, 160, Elx"
ChIJEfIvi_G2Yw0RAdYV-vUmOAo,Supermercado Dialprix,38.2629962,-0.7012227999999999,"Carrer Major del Pla, 7, Elx"
ChIJUUpXc-62Yw0RaVykghQYgU4,TAPERIA D'ANA,38.26041480000001,-0.7013473,"Plaça Reis Catòlics, 16, Elx"
ChIJEVu1ygq3Yw0RlCkOTZ3vS7s,La Casa de las Comidas,38.26803149999999,-0.7011801999999999,"Carrer Doctor Caro, 51, Elx"
ChIJX1VR2QS3Yw0RCWYClMuplpo,PEDRAT 4,38.2660297,-0.6959251,"Carrer Empedrat, 4, Elx"
ChIJwQWsK0-3Yw0RyzNe36By_0c,Pokeara,38.2680481,-0.7041769,"Carrer Vicente Blasco Ibáñez, 58, Elx"
ChIJA8wJEgC3Yw0RBoLbEeo9gQg,Sibuya,38.2653277,-0.6983155,"Plaça de Baix, 10, Elx"
ChIJ4Ysh2iu3Yw0RS2Js5EXdbBo,Restaurante Gyodon Dumpling,38.27548609999999,-0.7145427,"Avinguda de Novelda, 111, Elx"
ChIJzwFx3My1Yw0RfbK10E9X7L0,Charly Asador Elx,38.2718,-0.6641,"Carrer Algorfa, 5, Elx"
ChIJSU_Ib1i2Yw0RalFDSkZWmi0,Pizzart,38.2730319,-0.7041172000000001,"Carrer Camí dels Magros, 36, Elx"
ChIJ6ZNFI_K3Yw0Ruk3emYQLTWU,Bar CUSTOM GUITAR ROCK,38.2805214,-0.6844884999999999,"Partida Altabix, 218, polig 1, Elx"
ChIJtw-x4QG3Yw0RCbWiCsJtNdM,Cocinamos Para Usted,38.2683238,-0.7151227000000001,"Carrer Antonio Brotons Pastor, 75, Elx"
ChIJwxoGnr63Yw0RxwjwJ5yiTlo,La Candela de Lola - Quesería Taberna Tienda,38.264663,-0.6975631999999999,"Carrer del Salvador, 16, Elx"
ChIJBdrMGjO3Yw0RExbCU4pHh5o,Basílica Brunch & Cocktails,38.267565,-0.6976008,"Plaça del Congrés Eucarístic, Elx"
ChIJS2V7u4y2Yw0RWotUtLk2bTY,Gofres Reina,38.2662855,-0.6954340999999999,"Carrer Pont dels Ortissos, 5, Elx"
ChIJ402Vf4e2Yw0REo6A0PO8IRI,Pizzería Altabix – Veganas y Clásicas en Elche,38.2724231,-0.6843277,"Carrer Bisbe Winibal, 36, Elx"
ChIJTz83KUK3Yw0RDANzCX1ltLQ,CAFÉ BRU,38.27321,-0.6862001999999998,"Carrer José Sánchez Sáez, 25, Elx"
ChIJlbsG6dq3Yw0R_lYQkFupXjw,CASA MARIELA,38.27635669999999,-0.7204178999999998,"Carrer Petrer, 27, Elx"
ChIJO9jySPC2Yw0RVkkX3WCfUwk,Nou Montaditos,38.2631194,-0.7039538,"Carrer Andreu Castillejos, 29, Alicante"
ChIJC7GlYYy2Yw0RpIYJpIHnd3g,Restaurante Marmara,38.26598570000001,-0.6937879,"Carrer Daoíz, 14, Elx"
ChIJ55Jcu1O1Yw0RSPpZI4_a7zI,Los Quijotes de la Plancha,38.2663058,-0.6770173,"Carrer Orihuela, 22, Elx"
ChIJlybkgRC3Yw0Rg6GECySTqng,La Gula Gastrobar,38.2761436,-0.6786536,"Carrer Francisco Rabal, Elx"
ChIJGb64p_C2Yw0RzZ0kSG3waKc,Doctor Jamón,38.2662065,-0.7056889,"Carrer Benito Pérez Galdós, 21, Elx"
ChIJrQGB1wG3Yw0RMlEHvS2z0Kk,Bar Holanda,38.2689299,-0.7154744000000001,"Carrer José Grau Niñoles, 24, Elx"
ChIJeUf9lIy2Yw0Rd_u1AKUz_78,Jalisco Restaurante,38.2659346,-0.6950835,"Carrer Velarde, 4, Elx"
ChIJpVOv6QS3Yw0RsPE_RBWo6-U,McDonald's,38.2639837,-0.7203199,"Carrer Jacarilla, 7, Elx"
ChIJ8QxVv1W2Yw0R8mXA6EMryks,Franja Verde 3,38.274013,-0.7116825000000001,"Carrer Francisco Tomás y Valiente, 112, Elx"
ChIJu1Zoyvq2Yw0Ropcl9TDt1Co,Terraza Nou Parquet Elx,38.26189699999999,-0.7070342999999999,"Carrer Doctor Sapena, 61, Elx"
ChIJa8s79hG3Yw0RdR7T5Yub5EQ,Bar Vino y Más Elx,38.2654166,-0.6975416000000001,"Carrer d'Aurèlia Ibarra, 3, Elx"
ChIJx4a7kcW3Yw0R4LgW_HhyHlY,Burger King,38.25813739999999,-0.7259694,"Parque Comercial El Sauce, Avenida de Carreteraevillente, 31, Elx"
ChIJZRqDC_62Yw0RdxVJiIBC-vA,WIFI BUSINESS,38.26725810000001,-0.7142475999999999,"Carrer León Sánchez Sáez, 47, Elx"
ChIJjWiqoAq3Yw0RNcuMt7GXmVs,Restaurante Hotpot Mucho Gusto,38.26879619999999,-0.7080396,"Avinguda de la Llibertat, 86, Elx"
ChIJo28c39i3Yw0RMr5N87PdOD0,Panaderia Cafetería Alcazar,38.2694351,-0.6854803,"Carrer José María Castaño Martínez, 5, Elx"
ChIJC-WTrFNMYg0R1_kEk8Q_HIE,Rincón de Galicia Restaurante,38.26438,-0.7033250000000001,"Carrer Poeta Miguel Hernandez, 8, Elx"
ChIJP-SMufS2Yw0RjOUecnPYvnk,Restaurante Nou Sepia,38.26806250000001,-0.6968868,"Carrer Fatxo, 14, Elx"
ChIJXcWm1bG3Yw0RzD44SOCh3-0,"Kathmandu House, Authentic Nepali and Indian Cuisine",38.2575848,-0.708103,"Carrer Concepción Arenal, 178, Bajo 1, Elx"
ChIJTxJyrvK2Yw0RnbJxQoNTorM,Dia Market,38.2623227,-0.6966217,"Carrer Angel, 28, Elx"
ChIJNZDaKYa2Yw0REbSD3aN6QbI,italia pizzeria doner kebab,38.2693128,-0.6867634,"Carrer Francisco Vicente Rodriguez, Elx"
ChIJnxR3D1i2Yw0REs1Zf2AX6Qk,La Taperia D ' Kapi,38.2727709,-0.7051434999999999,"Carrer Olegario Domarco Seller, 55, Elx"
ChIJr6qqKwS3Yw0RcBzBSDBKd00,La Tagliatella,38.26263119999999,-0.7215307,"Centro Comercial L'Aljub, Carrer Jacarilla, 7, Elx"
ChIJXbn3A_-2Yw0R8DsFmJVk5-U,Jackson Irish Tavern,38.2645124,-0.694936,"C/ Infante Don Manuel, 15, Bajo, Elche"
ChIJ0ynZZ322Yw0RB3k1GxZZCmk,Cerveceria Tapería Nou Mediterráneo,38.2730747,-0.6855294,"Carrer José Sánchez Sáez, 31, Elx"
ChIJpWVqlZC3Yw0RE4a0MKCiCm0,Restaurante Noki,38.2632172,-0.6992172999999999,"Carrer Juan Ramón Jiménez, 4, Elx"
ChIJU8P2LQy3Yw0R3pH2JMF7JM4,Bar Restaurant Nou Casas Colgadas Sector V Elx,38.2574625,-0.7092204999999999,"Capita, Carrer del Capità Baltasar Tristany, 177, Elx"
ChIJO6iGZta1Yw0Ry_x4luF1a4g,La Picaeta d'Elx,38.27830489999999,-0.6770823,"Avinguda de Jubalcoi, 14, Elx"
ChIJT5TCWqy3Yw0R8bSScQL8qHo,Bar Restaurante Dos Ruedas,38.2804397,-0.7165919,"Carrer Almansa, 36, Elx"
ChIJo7-2uqi3Yw0RbiI6o56YkEA,Li&Co Cervecería,38.2623989,-0.6976735,"Carrer Angel, 16, Elx"
ChIJRbIqmoy2Yw0R3NMqfVm5B6E,Restaurante Aladia,38.2665753,-0.6948925999999999,"Avinguda en Joan Carles I, 5, Elx"
ChIJZ-_oooy2Yw0REXvMqzyYsKU,Pizza Cool,38.2665399,-0.6952681,"Avinguda en Joan Carles I, Elx"
ChIJPSom6rG3Yw0Ra2-owKl855M,El Mercado Food Hall,38.2595837,-0.7370625,"Calle Fuensalida, 3, La Peña de las Águilas"
ChIJ-3Q7_v-3Yw0R1oLET6WcX8o,El Mariscal del Jamón Elche,38.2707414,-0.6814188,"Carrer Felipe Moya, 54, Elx"
ChIJcQpQvpO2Yw0RDjVNDyoTN8U,Hotel Port Jardín Milenio,38.25898129999999,-0.6930064,"Carrer Curtidors, 17, Elx"
ChIJq2ui1-62Yw0Rz9zzB0MfamQ,Bar los Buenos Amigos,38.25716649999999,-0.7032695,"Carrer Federico García Lorca, 81, Elx"
ChIJnZwJcRq3Yw0Rgae6Ncp6vRs,ALIFORNIA POKÉ BAR - Elche,38.2640773,-0.6972404999999999,"Carrer Solars, 2, Local, Elche"
ChIJJ49I5fC2Yw0RkLRSXR8v5_E,Casa Planes,38.265431,-0.7040074,"Carrer Reina Victoria, 38, Elx"
ChIJJygl3wW3Yw0R-cbNLsSAZa0,La Cajita,38.265478,-0.7085622999999999,"Carrer Reina Victoria, 106, Elx"
ChIJWXytzYy2Yw0RYfnZ0BgVDxc,Restaurante La Olivereta,38.2652823,-0.6961143999999999,"Carrer Olivereta, 4, Elx"
ChIJn6x8q4u3Yw0Rwe-gZCTXyuI,Turkish doner kebab,38.2591174,-0.7034052999999999,Elx
ChIJQZlw5WW3Yw0RDOtRzjU_PKY,Mantra Restaurante Hindu,38.2658806,-0.6941418,"Carrer Velarde, 17, Elx"
ChIJ_xN_BlW2Yw0RFYgK47ataeM,Pak Doner Kebab Elx,38.27439599999999,-0.7132159,"Avinguda de Novelda, 85, Elx"
ChIJPR_FsfK2Yw0RAE9xRt5DmI4,Restaurante Frisone,38.2620549,-0.6956724999999998,"Passeig del Monjo s/n, (Esquina, Carrer del Borreguet, Elche"
ChIJeSF8Ra63Yw0Rx0jrSZMV4u8,Mariama,38.2685475,-0.7176199999999999,"Carrer Emilio Hernández Selva, 115, Elx"
ChIJDzgE2RO3Yw0RF6ej41ZY3g0,Kento Sushi Takeaway,38.26634049999999,-0.6958504999999999,"Carrer Corredora, 49, Elx"
ChIJa8bReAC3Yw0R849GC_cUPno,Kebap Marrakech,38.27121820000001,-0.7067611,"Passeig Nit de l'Albà, 35, Elx"
ChIJHy6adyK3Yw0RS8-dCdlge1I,Bar - Taperia Sol,38.2702264,-0.6842444,"Carrer Cayetano Martínez, 13, Elx"
ChIJT4wv9ui2Yw0RLu7UPuBWQw0,Café Picasso,38.2537094,-0.7042227999999998,"Carrer Pablo Picasso, 100, Elx"
ChIJp0DZPlW2Yw0RuTO9WlBwV6A,Montivoli,38.273734,-0.7143326000000001,"Carrer Pedro Moreno Sastre, 89, Elx"
ChIJm4qOUtK3Yw0RC-7Ue1s0GAM,Casa Mauro sala carmela,38.2649394,-0.6983938000000001,"Carrer Troneta, 4, Elx"
ChIJMzyt5LW3Yw0Rmj-w3SPLiD0,LA SEDA Veggie kitchen,38.2663897,-0.7036509,"Carrer Cristóbal Sanz, 20, Elx"
ChIJmW0j5B-1Yw0RMSMXAYKrHBM,Restaurante Franja Estadio,38.267891,-0.6631192000000001,"Sector E-26, 19, Elche"
ChIJGQJUeRy3Yw0Rk4oALnYssF4,Omurice Sushi Bar,38.2655087,-0.6954032,"Calle Almorida, 1, bajo, Elche"
ChIJVYYeUQC3Yw0R0WbKyqPo5og,Birras Bar,38.2652098,-0.6968307,"Replaceta de l'Espart, 3, Elx"
ChIJjydRPQC3Yw0Rf6HXnLKSnTQ,Cafe restaurante picasso,38.2729625,-0.7074248999999999,"Avinguda Ausiàs March, 43, Elx"
ChIJhRlRFoK3Yw0RbI3ubnZqXwU,Lazy Lucy Burger,38.2634833,-0.6990482999999998,"Carrer Juan Ramón Jiménez, 1, Elx"
ChIJWReqkDS3Yw0RNXZM45QweQ0,Leopoldo Food & Drinks,38.2637532,-0.6922526999999999,"Carrer Porta de la Morera, 14, Elx"
ChIJVciQoZy3Yw0RTXPUwWs5hLo,SABOR CALLEJERO,38.2661483,-0.7123472,"Carrer León Sánchez Sáez, 13, Elx"
ChIJQayrXvO2Yw0RFAz5O4Kj4H8,Pizzeria - Cafeteria La Perla,38.2667466,-0.6971860000000001,"Carrer Bisbe Tormo, 15, Elx"
ChIJBXQwdby3Yw0RgE39Sz49Z9U,Cockies Chicken Boutique,38.2653712,-0.7084248999999999,"Carrer Reina Victoria, 107, Elx"
ChIJc2m1p663Yw0RMT3cEOkOcf8,McDonald's,38.27814499999999,-0.720977,"C/ Almansa, Calle Monóvar, 68, Elche"
ChIJp0RmDQC3Yw0RWcV4GnbRlak,restaurante bar MORA,38.283313,-0.7218438,"Avinguda de Novelda, 188, Elx"
ChIJEQz8c4i3Yw0RoWphd7qQLGg,CAFETERIA NOU VINTAGE,38.2619506,-0.7073206999999999,"Carrer Doctor Sapena, 65, Elx"
ChIJ78b5Xoe2Yw0RzuAWqHkOJdk,La Esquineta de Fernán Plaza,38.2712985,-0.6852437,"Plaça d'Altabix, 2, Altabix"
ChIJZ1NHPv-2Yw0R0Z0-2c7A6Ow,Supermercado Dialprix,38.2708964,-0.7115012999999999,"Carrer Asunción Parreño García, 16, Elx"
ChIJ_-cUUPG2Yw0RIPytaRU2CzA,Pub BV 22,38.2664316,-0.70149,"Carrer Blas Valero, 22, Elx"
ChIJM1D4moi3Yw0R2k6jNfhPSMo,La Fariña dorada OBRADOR,38.2706062,-0.6808778999999999,"Carrer Fra Pere Balaguer, 62, Elx"
ChIJ_xR_n-22Yw0RSHqo6430QZw,Restaurant El Raval,38.26049259999999,-0.69888,"Carrer Major del Raval, 9, Elx"
ChIJ-yUqOgu3Yw0RcIdkf67dyDQ,Brutal Street | Gustazo Brutal,38.2652883,-0.7057137999999998,"Carrer Reina Victoria, 65, Elx"
ChIJw8wohVi2Yw0RHzapI7khP98,Bar Taperia,38.2728214,-0.7028521999999998,"Carrer Mario Pastor Sempere, 16, Elx"
ChIJayio7vi3Yw0RpuUn9_ToTR4,Bon Gust | 100% Sin Gluten Pastelería y panadería,38.2679354,-0.706869,"Carrer Vicente Blasco Ibáñez, 67, Elx"
ChIJKacddYy3Yw0R7GzBiFnB6g0,BUJAN SANCHEZ S.L.,38.26439999999999,-0.7033599999999999,"Calle Poeta Miguel Hdez, 8, BJ, Elche"
ChIJb4RDiOC2Yw0R6l21svW36B4,Restaurant Salesianos SJB,38.2515623,-0.7124739,"Avenida de Don Bosco, 14, Elche"
ChIJO6Ih24y2Yw0RKdBK090TUP0,Doner Kebap Zeki - Restaurant Turc,38.26512779999999,-0.6955023,"Carrer Almòrida, 7, Elx"
ChIJE0Ze-vu2Yw0RVyZLF8YZpAQ,Marisquería El Túnel,38.26642789999999,-0.7100728999999999,"Avinguda de la Llibertat, 81, Elx"
ChIJB96afZS3Yw0RTPEIkm7l69o,Bar Restaurante Parres Parque Deportivo Elche,38.26982549999999,-0.6962216999999999,"Passeig de l'Estació, Elx"
ChIJY2vZule3Yw0RTo7fpULty84,Restaurante taperia Burgos,38.2687459,-0.7083743,"Avinguda de la Llibertat, 86, Elx"
ChIJtQrpzfq2Yw0RUGQAqVVHKc0,D 'landucci ristorante pizzeria,38.26050189999999,-0.7061499000000001,"Carrer Espronceda, 63, Elx"
ChIJG3wpfv63Yw0RozhDSjNlKuI,Restaurante la Familia,38.271293,-0.7074108000000001,"Carrer Germans Navarro Caracena, 36, Elx"
ChIJo6gCZ4u2Yw0R76t2JxNSI_E,Azteca Restaurante Mexicano,38.267456,-0.6950760999999999,"Carrer Porta d'Alacant, 4, Elx"
ChIJaVZyGOK1Yw0RuYnuTqPCkHc,El Culebròn by Carlos,38.2690123,-0.6767286,"Carrer Frasquita Vazquez, 13, Elx"
ChIJ-S3eZ_G2Yw0Rh3NaHFoqHW0,Café Pasarela Lepanto,38.2655255,-0.7014847,"Carrer Lepanto, 7, Elx"
ChIJeZZTVYO3Yw0RACx-KaKf7FQ,Sabor Doner Kebab Plaza Castilla,38.2760951,-0.6785429999999999,"Carrer Alfredo Mira Gran, 11, Elx"
ChIJq2qb9fm2Yw0RLKptgqV5mPY,Sinapi Restaurante | Elche,38.2678231,-0.6974819999999998,"Carrer Porta de l'Orgue, 4, Elx"
ChIJzdWVm1K2Yw0Rm2v-9TYtgAw,Restaurante Fany,38.2823818,-0.7136988000000001,Spain
ChIJ68EwxQW3Yw0R4O1LfoF0XkQ,Cafetería Daelia,38.2697665,-0.6840984000000001,"Carrer Fra Pere Balaguer, 25, Elx"
ChIJB0IoC_m2Yw0Rm0CZmv_hDRU,Piccolo Mundo,38.2688679,-0.7081062,"Plaza de las Chimeneas, Avinguda de la Llibertat, 86, Elx"
ChIJWx4E7IG2Yw0RYostGLXHCOc,Cafetería Brokal,38.2679489,-0.6779406,"Carrer Frasquita Vazquez, 5, Elx"
ChIJGTLYwzG3Yw0RPoOWotPTV6M,Benibar Cafeteria,38.26621360000001,-0.7057769,"Carrer Benito Pérez Galdós, 23, Elx"
ChIJGUYxTvC2Yw0RQMTPGstsbxg,La Andaluza,38.2636673,-0.7038187999999999,"Pasaje Doctor Ferrán, Local 2, Elx"
ChIJG4uN4GC3Yw0R1zOFCV-re9A,sushi voy elche,38.2625043,-0.6967403,"Carrer Angel, 31-2, Elx"
ChIJ5QYMjou2Yw0Rnp1_WdLxSig,Pizzeria Trento,38.2677196,-0.6929809000000001,"Carrer Martín de Torres, 11, Elche"
ChIJ34vSTtC2Yw0R7jvm-v5TKA0,Restaurant El Racó de Tarí,38.2384268,-0.7073923999999999,"Partida Algorós, 55, POLÍGON 2, Alacant"
ChIJqR-goYe2Yw0RqKRvKtqVi4I,El Cabasset,38.27093500000001,-0.68464,"Carrer Cayetano Martínez, 26, Elx"
ChIJ4z6Btui3Yw0RpMBcbcQrPRI,GOLFFOOD RESTAURANTE,38.2550561,-0.7182687,"calle sanchis dolz, 1, Elx"
ChIJeQRSb-W3Yw0Rdsy3eqfsL7Y,La Sazón de Evelyn,38.26251799999999,-0.7114125999999998,"Carrer José Mas Esteve, Elx"
ChIJVf93oHK3Yw0RcdturxDSEXc,Mantra 2 Restaurante Hindú,38.26021530000001,-0.7098371000000001,"Carrer Fernanda Santamaría, 71, Elx"
ChIJ6eztSCa3Yw0RBJRrNnf-dEU,ÈNFAsIS Café -Bar,38.2636128,-0.7007978,"Calle Camilo Flammarion, 35, local 2, Elche"
ChIJhwxJLo22Yw0R6WhVtid7ubE,Nyc Cafe,38.26387089999999,-0.6958640999999999,"Carrer del Filet de Fora, 12, Elx"
ChIJIcFEtfa2Yw0Ridy4ULlmgZE,Supermercado Dialprix,38.26727849999999,-0.7022453,"Jose Mª, Carrer Josep Maria Buck, 18, Elx"
ChIJT1yTFV-3Yw0RKR11RfW6daM,Cairo bella Italia,38.280888,-0.7158474,"Carrer Inca, Elx"
ChIJTVSZC-62Yw0RxxjO-ABmNKY,L'Araceli Restaurant,38.2607527,-0.7013055999999999,"Plaça Reis Catòlics, 14, Elx"
ChIJvZcnKZi3Yw0RwPp2NOWHPVo,Taperia las palmeras,38.2645842,-0.7055935,"Carrer Poeta Miguel Hernandez, 46, Elx"
ChIJXXpy8HC3Yw0Rqx9rfOxfSOs,Restaurante Casa Li Carta Buffet Libre,38.2709763,-0.7113798,"Carrer Pedro Moreno Sastre, 33, Elx"
ChIJmeVBRP62Yw0R-7NVAAsuEjM,JACKSON GUINNES BAR,38.2691645,-0.7132138000000001,"Carrer Asunción Parreño García, 67, Elx"
ChIJ774od4e2Yw0RkLhwqOuLuZM,Restaurante los Barriles,38.271652,-0.6841563,"Carrer Bisbe Winibal, 27, Elx"
ChIJU01kG-a2Yw0RmCmzne37p-4,Restaurante Pedro Nicolás Marhuenda,38.2591584,-0.7034424,"Calle de Antonio Moya Albadalejo, 38, Elche"
ChIJB8qMUma3Yw0RzI-4PIt_WmI,Rincón de María,38.26283719999999,-0.7049074,"Carrer Mariano Benlliure, 7, Elx"
ChIJM0S93QG1Yw0RRa2-2IU2AGc,Gama Alta Winebar,38.2625426,-0.6620457,"en la rotonda, Calle de l'Altet, 51, B, Elche"
ChIJo8JUVbW3Yw0R_d4Ge0p0eyA,Restaurante asiático GENKI,38.2675339,-0.7030727000000001,"Carrer Ruperto Chapí, 40, Elx"
ChIJCQlMMdO3Yw0RjTkkh1dR-ow,Restaurante Japonés SAOKI SUSHI ELCHE (CC LALJUB),38.26242629999999,-0.7204419,"Carrer Jacarilla, 7, Elx"
ChIJj74nBCK1Yw0RGu8uoiGvOrg,La Pausa,38.2754486,-0.6701305000000001,"Carrer José Antonio Cañete Juárez, 17, Elx"
ChIJ66hRqoy2Yw0RuNwqZRsj0s0,Ahidin kebab,38.2662889,-0.6962288999999998,"Carrer Ample, 6, Elx"
ChIJU2xlroy2Yw0ROjVuOJpZ-7g,Bar A Ca Casimiro,38.2665264,-0.6959924999999999,"Carrer Pere Ibarra, 3, Elx"
ChIJ-RlKzIy2Yw0RdRE0PvYg0Uo,Casa Zarracina,38.2669082,-0.6975433,"Carrer de la Fira, 16, Elx"
ChIJl14Ryea3Yw0RxaWyxhyQ54I,Elche doner kebab,38.2625765,-0.7106135,"Carrer Antonio Pascual Quiles, 59, Elx"
ChIJB8YesuO3Yw0RvjB_SDaPs2s,Bussy & Co,38.26764800000001,-0.6978742000000001,"Plaça del Congrés Eucarístic, 1, Elx"
ChIJuYGsroy2Yw0Rq6newBbVkVs,Asadero Lis Centro,38.2665601,-0.6974334,"Carrer Sant Pere, 7, Elx"
ChIJK71-TlS2Yw0RgPfEuKOSYpo,Tapería El Viseño José Y Ana,38.27524299999999,-0.7121754999999999,Spain
ChIJmwE_nlK2Yw0RKoWu-r_JgPM,Restaurante Casa China,38.2826099,-0.7138348,"Carrer San Bartolomé, n1, Elx"
ChIJUywLNH62Yw0Ro-3W7bIp_-o,El Mercader Tradicional,38.2738497,-0.6800379,"Avenida Sucre, 27, Elche"
ChIJm6V_BAa3Yw0RClYrSwzLBM4,Lamum Catering Elche,38.2762784,-0.6774342,"Carrer Alfredo Mira Gran, 19, Elx"
ChIJ1UHc4d23Yw0RgWLQn2wDCA4,Gastrobar La Ermita,38.266177,-0.6773192,"Carrer los Montesinos, 20, Elx"
ChIJCeYSyJC3Yw0RXz4DCgBGBnY,Yokocho Ramen,38.2663464,-0.6962375999999999,"Carrer Ample, 8, Elx"
ChIJ269mi1m1Yw0R4yciT5I1jO4,Pizzería Amici Altabix,38.2689543,-0.6769243999999999,"Carrer Frasquita Vazquez, 11, Elx"
ChIJ9W4Af_y2Yw0RIDBVKY_-hMQ,New York Doner Kebab ELCHE,38.26449449999999,-0.7106787999999999,"Carrer Poeta Miguel Hernandez, 103, Elx"
ChIJyfkNVAC3Yw0RJp1GxzEC6Iw,GRATINOS,38.26258849999999,-0.7004416999999998,"Carrer Santa Anna, 13, Elx"
ChIJPzmkggu3Yw0RAueTP1XzY2Q,La Fabrica 1984 (Plaça de les Flors),38.2665927,-0.6981046999999999,"Carrer Alvado, 7, Elx"
ChIJw15UTQC3Yw0RHs2oX5SB9Tk,Restaurante Beni mellal,38.27259269999999,-0.7071978999999998,"Avinguda Ausiàs March, 37, Elx"
ChIJa9WbggS3Yw0RQWZHKnpXyF4,GINOS,38.262405,-0.7205819999999998,"C.C. L'Aljub, Carrer Jacarilla, 7, Elx"
ChIJ-Rxe5fq2Yw0RjWTaO3psj1k,Pollos Asados Rufino Concepción Arenal,38.263598,-0.707635,"Carrer Concepción Arenal, 70, Elx"
ChIJV9JZEpO3Yw0RxlmVQ7XWppw,Tsuki,38.2685679,-0.6781486999999998,"Carrer Frasquita Vazquez, 3, Elx"
ChIJPQbRlPi2Yw0RyB46541OKgA,Casa Planes,38.2710106,-0.7090986,"Avinguda de Novelda, 28, Elx"
ChIJvXxZjYG2Yw0RS1zVJIkMaRY,Café Bar El Terrat,38.2667926,-0.6779937,"Carrer Pintor Sixto Marco, 7, Elx"
ChIJM2EPevG2Yw0RIBvq9f1XcyA,El Racó De Susi,38.264774,-0.7016013000000001,"Carrer d'Asp, 7, Elx"
ChIJw-ZWb9q2Yw0RKA3yp0Wv82Q,Bar - Restaurante El Lleó,38.24160589999999,-0.7086970999999999,"Carretera del Lleó, Km 2, Elx"
ChIJ5U928OK2Yw0RP-UyzVvt0Xw,Driadas Cafe Bar,38.25975299999999,-0.7132569,"Carrer de, Carrer Pere Joan Perpinyà, 120, Elx"
